ID,city,district,location,organizer,serial_number,course_name,category,teacher,start_date,end_date,classtime,classroom,charge,intro,figure,signup,relate_website
kh_lc韻律有氧(A)2016-04-18,高雄市,前鎮區,高雄市前鎮區中山三路132號,獅甲會館,022201,韻律有氧(A),樂器音樂,蘇美齡,2016-04-18,2016-06-23,每周一四 晚上0630~0800,獅甲會館409教室,優惠身份: 1300元     一般民眾: 1400元,"現場親自教學，並利用身邊隨時可用的器材（如毛巾、瑜珈軟墊）等，讓學員們更快的達到運動效果。",,http://college.kcg.gov.tw/class_info.asp?C_name=%c3%fd%ab%df%a6%b3%ae%f1(A),http://college.kcg.gov.tw/class_file/1/2492/1-22-蘇美齡－韻律有氧A-201.doc
kh_lc塑身瑜珈A班2016-04-24,高雄市,前鎮區,高雄市前鎮區中山三路132號,獅甲會館,022202,塑身瑜珈A班,運動健身,陳仙玲,2016-04-24,2016-06-26,每周日 早上0900~1100,獅甲會館B02教室,優惠身份: 1000元     一般民眾: 1100元,"從呼吸法和瑜伽基本八個方向伸展的基礎課程開始上起，逐漸提升層次，進入體位法、肌力和柔軟度的訓練。最後，藉由語音冥想，獲得全身性的放鬆，達到身心靈的平衡。備註:請穿著瑜伽服上課。",,http://college.kcg.gov.tw/class_info.asp?C_name=%b6%ec%a8%ad%b7%ec%cf%c9A%afZ,http://college.kcg.gov.tw/class_file/1/2493/4-22-陳仙玲-塑身瑜珈A班-202.doc
kh_lc韻律有氧(B)2016-04-18,高雄市,前鎮區,高雄市前鎮區中山三路132號,獅甲會館,022203,韻律有氧(B),樂器音樂,蘇美齡,2016-04-18,2016-06-23,每周一四 晚上0800~0930,獅甲會館409教室,優惠身份: 1300元     一般民眾: 1400元,"現場親自教學，並利用身邊隋時可用的器材（如毛巾、瑜珈軟墊）等，讓學員們更快的達到運動效果。",,http://college.kcg.gov.tw/class_info.asp?C_name=%c3%fd%ab%df%a6%b3%ae%f1(B),http://college.kcg.gov.tw/class_file/1/2498/2-22-蘇美齡－韻律有氧B-203.doc
kh_lc體適能瑜珈(初級)2016-04-23,高雄市,前鎮區,高雄市前鎮區中山三路132號,獅甲會館,022204,體適能瑜珈(初級),運動健身,陳芬足,2016-04-23,2016-06-25,每周六 下午0200~0400,獅甲會館409教室,優惠身份: 1000元     一般民眾: 1100元,"從呼吸法和瑜伽基本八個方向伸展的基礎課程開始上起，逐漸提升層次，進入體位法、肌力和柔軟度的訓練。最後，藉由語音冥想，獲得全身性的放鬆，達到身心靈的平衡。備註:請穿著瑜伽服上課。",,http://college.kcg.gov.tw/class_info.asp?C_name=%c5%e9%beA%af%e0%b7%ec%cf%c9(%aa%ec%af%c5),http://college.kcg.gov.tw/class_file/1/2500/5-22-陳芬足-體適能瑜珈(初級)-204.doc
kh_lc氣功禪修健康養生班2016-04-18,高雄市,前鎮區,高雄市前鎮區中山三路132號,獅甲會館,022205,氣功禪修健康養生班,宗教信仰,林秀葉,2016-04-18,2016-06-22,每周一三 晚上0730~0900,獅甲會館B02教室,優惠身份: 1300元     一般民眾: 1400元,"透過教練指導醫學氣功禪：動功、靜功，讓身強體健祛病養身，心靈解脫紓解壓力，真正能使您達到身心靈和諧的最佳功夫。生病看醫生、健康靠自己，呵護身體、善待自己、從現在開始，用一點心、撥一點時間，大家一起來練功、享受健康快樂的人生。",,http://college.kcg.gov.tw/class_info.asp?C_name=%ae%f0%a5\\%c1I%ad%d7%b0%b7%b1d%bei%a5%cd%afZ,http://college.kcg.gov.tw/class_file/1/2501/321.doc
kh_lc體適能瑜珈初級(B)2016-04-20,高雄市,前鎮區,高雄市前鎮區中山三路132號,獅甲會館,022206,體適能瑜珈初級(B),運動健身,陳芬足,2016-04-20,2016-06-22,每周三 晚上0630~0830,獅甲會館409教室,優惠身份: 1000元     一般民眾: 1100元,"從呼吸法和瑜伽基本八個方向伸展的基礎課程開始上起，逐漸提升層次，進入體位法、肌力和柔軟度的訓練。最後，藉由語音冥想，獲得全身性的放鬆，達到身心靈的平衡。備註:請穿著瑜伽服上課。",,http://college.kcg.gov.tw/class_info.asp?C_name=%c5%e9%beA%af%e0%b7%ec%cf%c9%aa%ec%af%c5(B),http://college.kcg.gov.tw/class_file/1/2502/7-22-陳芬足-體適能瑜珈(B)-206.doc
kh_lc體適能瑜珈初級(A)2016-04-23,高雄市,前鎮區,高雄市前鎮區中山三路132號,獅甲會館,022207,體適能瑜珈初級(A),運動健身,陳芬足,2016-04-23,2016-06-25,每周六 早上0940~1140,獅甲會館409教室,優惠身份: 1000元     一般民眾: 1100元,"從呼吸法和瑜伽基本八個方向伸展的基礎課程開始上起，逐漸提升層次，進入體位法、肌力和柔軟度的訓練。最後，藉由語音冥想，獲得全身性的放鬆，達到身心靈的平衡。備註:請穿著瑜伽服上課。",,http://college.kcg.gov.tw/class_info.asp?C_name=%c5%e9%beA%af%e0%b7%ec%cf%c9%aa%ec%af%c5(A),http://college.kcg.gov.tw/class_file/1/2504/5-22-陳芬足-體適能瑜珈(初級)-204.doc
kh_lc初級瑜珈(A)2016-04-19,高雄市,前鎮區,高雄市前鎮區中山三路132號,獅甲會館,022209,初級瑜珈(A),運動健身,蘇上潔,2016-04-19,2016-06-24,每周二五 下午0230~0400,獅甲會館B02教室,優惠身份: 1300元     一般民眾: 1400元,"抱持熱忱.親切.認真的態度.傳授身心靈與大小宇宙的連結.1.抱持著輕鬆瑜珈.健康增加.2.結合身心靈瑜珈.放鬆全身關節.經絡的體位法因為身體因素(腸胃.經絡.關節)整個血液的循環不理想.所以才接觸瑜珈.接觸之後發現得到的好處並不只是練習瑜珈的體位法.而是讓我得到更多心靈的層面.包括心靈的放鬆.身體經絡的放鬆等等.",,http://college.kcg.gov.tw/class_info.asp?C_name=%aa%ec%af%c5%b7%ec%cf%c9(A),http://college.kcg.gov.tw/class_file/1/2588/8-22-蘇上潔-初級瑜伽(A)-209.doc
kh_lc瑜珈初級(B)2016-04-19,高雄市,前鎮區,高雄市前鎮區中山三路132號,獅甲會館,022210,瑜珈初級(B),運動健身,陳仙玲,2016-04-19,2016-06-24,每周二五 晚上0630~0800,獅甲會館409教室,優惠身份: 1300元     一般民眾: 1400元,"忙碌的現代人因緊張、壓迫，使身體長期累積的僵化或偏歪，倒至不容易如何放鬆自我，進而演變摧毀自己。可增強身體免疫功能、柔軟筋骨、促進血液循還、排除體內的毒氣及廢物、按摩身體各器管、強化自律神經、促進內分泌平衡、提升睡眠品質、保持青春美麗、容光煥發。",,http://college.kcg.gov.tw/class_info.asp?C_name=%b7%ec%cf%c9%aa%ec%af%c5(B),http://college.kcg.gov.tw/class_file/1/2587/9-22-陳仙玲蔡錦鳳-瑜伽初級(B)-210.doc
kh_lc瑜珈初級(C)2016-04-19,高雄市,前鎮區,高雄市前鎮區中山三路132號,獅甲會館,022211,瑜珈初級(C),運動健身,蔡錦鳳,2016-04-19,2016-06-24,每周二五 晚上0805~0930,獅甲會館409教室,優惠身份: 1300元     一般民眾: 1400元,"忙碌的現代人因緊張、壓迫，使身體長期累積的僵化或偏歪，倒至不容易如何放鬆自我，進而演變摧毀自己。可增強身體免疫功能、柔軟筋骨、促進血液循還、排除體內的毒氣及廢物、按摩身體各器管、強化自律神經、促進內分泌平衡、提升睡眠品質、保持青春美麗、容光煥發。",,http://college.kcg.gov.tw/class_info.asp?C_name=%b7%ec%cf%c9%aa%ec%af%c5(C),http://college.kcg.gov.tw/class_file/1/2586/10-22-陳仙玲蔡錦鳳-瑜伽初級(C)-211.doc
kh_lc太極拳基礎班(A)2016-04-22,高雄市,前鎮區,高雄市前鎮區中山三路132號,獅甲會館,022212,太極拳基礎班(A),運動健身,劉勇男,2016-04-22,2016-06-24,每周五 晚上0720~0920,獅甲會館B01教室,優惠身份: 1100元     一般民眾: 1200元,"太極拳13式(全民運動會版)，教學採分段拆招講解、示範、調整、指導",,http://college.kcg.gov.tw/class_info.asp?C_name=%a4%d3%b7%a5%ae%b1%b0%f2%c2%a6%afZ(A),http://college.kcg.gov.tw/class_file/1/2583/13-22-劉勇男-太極拳基礎(A)-212.doc
kh_lc流動瑜珈2016-04-18,高雄市,前鎮區,高雄市前鎮區中山三路132號,獅甲會館,022213,流動瑜珈,運動健身,林宥妤,2016-04-18,2016-06-23,每周一四 早上0930~1100,獅甲會館409教室,優惠身份: 1300元     一般民眾: 1400元,"呼吸來帶領身體，進入串連瑜珈練習 在動作與動作變化之間，讓身心如同氣息吸吐自然流動 同時可以訓練柔軟度，對於強化肌力，保持青春體態 ，甚至心肺的提升。",,http://college.kcg.gov.tw/class_info.asp?C_name=%acy%b0%ca%b7%ec%cf%c9,http://college.kcg.gov.tw/class_file/1/2585/11-22-林宥妤-流動瑜珈-213.doc
kh_lc太極拳基礎班(B)2016-04-20,高雄市,前鎮區,高雄市前鎮區中山三路132號,獅甲會館,022214,太極拳基礎班(B),運動健身,劉勇男,2016-04-20,2016-06-22,每周三 晚上0720~0920,獅甲會館B01教室,優惠身份: 1100元     一般民眾: 1200元,"楊式太極拳64式(全民運動會版)，教學採分段拆招講解、示範、調整、指導",,http://college.kcg.gov.tw/class_info.asp?C_name=%a4%d3%b7%a5%ae%b1%b0%f2%c2%a6%afZ(B),http://college.kcg.gov.tw/class_file/1/2582/14-22-劉勇男-太極拳基礎(B)-214.doc
kh_lc順位瑜珈(初級)2016-04-19,高雄市,前鎮區,高雄市前鎮區中山三路132號,獅甲會館,022215,順位瑜珈(初級),運動健身,陳芬足,2016-04-19,2016-06-24,每周二五 早上0930~1100,獅甲會館409教室,優惠身份: 1300元     一般民眾: 1400元,"順位瑜伽(Aunsara yoga)Aunsara梵文的原意：與上天共舞或是順從內心，也就是天地之間的大宇宙與人體的小宇宙互相融合，是一門更科學更符合人體骨骼肌肉與關節的互相協調之瑜伽練習，其中包含心靈修養哲學，以達到身體心靈的合一。",,http://college.kcg.gov.tw/class_info.asp?C_name=%b6%b6%a6%ec%b7%ec%cf%c9(%aa%ec%af%c5),http://college.kcg.gov.tw/class_file/1/2584/12-22-陳芬足-順位瑜珈-215.doc
kh_lc舒活養生導引2016-04-19,高雄市,前鎮區,高雄市前鎮區中山三路132號,獅甲會館,022216,舒活養生導引,健康養生,李文介,2016-04-19,2016-06-21,每周二 晚上0700~0900,獅甲會館4樓中堂,優惠身份: 1100元     一般民眾: 1200元,"導引是春秋戰國民間普遍流行的治療養生術，經歷兩千多年的演變，去蕪存精，氣機導引是以傳統導引術、瑜珈、氣功、太極為基礎，再融入現代醫學解剖學及體適能的理論，結合運動,做出不易受傷,而有益身體復健之運動。",,http://college.kcg.gov.tw/class_info.asp?C_name=%b5%ce%ac%a1%bei%a5%cd%be%c9%a4%de,http://college.kcg.gov.tw/class_file/1/2581/15-22期-李文介-舒活養生導引-216.docx
kh_lc正位瑜珈2016-04-19,高雄市,前鎮區,高雄市前鎮區中山三路132號,獅甲會館,022217,正位瑜珈,運動健身,林宥妤,2016-04-19,2016-06-24,每周二五 下午0200~0330,獅甲會館409教室,優惠身份: 1300元     一般民眾: 1400元,"瑜珈體位法是一種令人身體舒適，心靈鎮定的姿勢，練習會使腺體、神經、組織、肌肉、和身體的各部份都作用到再配合適當的呼吸於觀想，將身體置於平和，安靜及舒適姿勢上。",,http://college.kcg.gov.tw/class_info.asp?C_name=%a5%bf%a6%ec%b7%ec%cf%c9,http://college.kcg.gov.tw/class_file/1/2580/16-22-林宥妤-正位瑜珈-217.doc
kh_lc基礎瑜珈2016-04-18,高雄市,前鎮區,高雄市前鎮區中山三路132號,獅甲會館,022219,基礎瑜珈,運動健身,簡善琳,2016-04-18,2016-06-20,每周一四 下午0230~0400,獅甲會館409教室,優惠身份: 1300元     一般民眾: 1400元,"養生瑜伽,配合輪棒講解經絡,利用瑜珈帶拉伸增進柔軟度,墊上核心的訓練增進肌耐力及雕塑腰、臀纖維體態",,http://college.kcg.gov.tw/class_info.asp?C_name=%b0%f2%c2%a6%b7%ec%cf%c9,http://college.kcg.gov.tw/class_file/1/2579/17-22-簡善琳-基礎瑜伽-219.doc
kh_lc經絡調理鬆筋班2016-04-21,高雄市,前鎮區,高雄市前鎮區中山三路132號,獅甲會館,022220,經絡調理鬆筋班,健康養生,張王玉玲,2016-04-21,2016-06-23,每周四 晚上0630~0930,獅甲會館B02教室,優惠身份: 1700元     一般民眾: 1800元,"培養經絡調理鬆筋技能老祖宗「放筋路」養生保健智慧融入美容SPA。經絡調理鬆筋手法無論創業或就業，養生或自我保健讓牛角棒來陪你闖天下。",,http://college.kcg.gov.tw/class_info.asp?C_name=%b8g%b5%b8%bd%d5%b2z%c3P%b5%ac%afZ,http://college.kcg.gov.tw/class_file/1/2606/18-22期-張王玉鈴(王苓安) 、廖秀珠、高文勤-經絡調理鬆筋班-220.doc
kh_lc塑身正脊瑜珈2016-04-22,高雄市,前鎮區,高雄市前鎮區中山三路132號,獅甲會館,022221,塑身正脊瑜珈,運動健身,陳芬足,2016-04-22,2016-06-24,每周五 晚上0700~0900,獅甲會館B04教室,優惠身份: 1000元     一般民眾: 1100元,"本課程透過簡易瑜伽動作的練習、肢體動作的伸展，循序漸進的矯正姿勢與達到脊椎保健的成效。",,http://college.kcg.gov.tw/class_info.asp?C_name=%b6%ec%a8%ad%a5%bf%af%e1%b7%ec%cf%c9,http://college.kcg.gov.tw/class_file/1/2609/塑身正脊瑜伽班.doc
kh_lc養生瑜珈(B)2016-04-18,高雄市,前鎮區,高雄市前鎮區中山三路132號,獅甲會館,022222,養生瑜珈(B),健康養生,陳仙玲,2016-04-18,2016-06-23,每周一四 晚上0630~800,獅甲會館B04教室,優惠身份: 1300元     一般民眾: 1400元,"練習瑜伽是為身體做耕耘的準備，回歸自我，追求內在的寧靜，自然能了解身  體每一部份的存在以及作用，使自己更加懂得如何照顧自己、愛護自己，進而  關心週遭的事物。",,http://college.kcg.gov.tw/class_info.asp?C_name=%bei%a5%cd%b7%ec%cf%c9(B),http://college.kcg.gov.tw/class_file/1/2593/20-22期-蔡錦鳳、陳仙玲-養生瑜伽(B)-222.docx
kh_lc養生瑜珈(C)2016-04-18,高雄市,前鎮區,高雄市前鎮區中山三路132號,獅甲會館,022223,養生瑜珈(C),健康養生,蔡錦鳳,2016-04-18,2016-06-23,每周一四 晚上0805~0930,獅甲會館B04教室,優惠身份: 1300元     一般民眾: 1400元,"忙碌的現代人因緊張、壓迫，使身體長期累積的僵化或偏歪，倒至不容易如何放鬆自我，進而演變摧毀自己。可增強身體免疫功能、柔軟筋骨、促進血液循還、排除體內的毒氣及廢物、按摩身體各器管、強化自律神經、促進內分泌平衡、提升睡眠品質、保持青春美麗、容光煥發。",,http://college.kcg.gov.tw/class_info.asp?C_name=%bei%a5%cd%b7%ec%cf%c9(C),http://college.kcg.gov.tw/class_file/1/2594/21-22期-蔡錦鳳、陳仙玲-養生瑜伽(C)-223.docx
kh_lc多元瑜珈2016-04-19,高雄市,前鎮區,高雄市前鎮區中山三路132號,獅甲會館,022224,多元瑜珈,運動健身,簡善琳,2016-04-19,2016-06-24,每周二五 早上0930~1100,獅甲會館B04教室,優惠身份: 1300元     一般民眾: 1400元,"即便是新生也能幫助學生,使之不害怕進而接受瑜珈並享受瑜珈帶來的好處，傳統瑜珈之體位法並結合復健醫學之概念,搭配養生輔助工具,解說經絡,提升柔軟度,強化肌耐力,達到瘦身增近健康之目的.",,http://college.kcg.gov.tw/class_info.asp?C_name=%a6h%a4%b8%b7%ec%cf%c9,http://college.kcg.gov.tw/class_file/1/2597/22-22期-簡善琳-多元瑜伽-224.doc
kh_lc初級瑜珈B班2016-04-18,高雄市,前鎮區,高雄市前鎮區中山三路132號,獅甲會館,022225,初級瑜珈B班,運動健身,蘇上潔,2016-04-18,2016-06-23,每周一四 早上1000~1130,獅甲會館B04教室,優惠身份: 1300元     一般民眾: 1400元,"教導:讓學生了解瑜珈真理.呼吸法及心靈的放鬆.傳授:瑜珈基本功法及瑜伽的體位法.由初級……再慢慢的進階",,http://college.kcg.gov.tw/class_info.asp?C_name=%aa%ec%af%c5%b7%ec%cf%c9B%afZ,http://college.kcg.gov.tw/class_file/1/2591/23-22期-蘇上潔-初級瑜伽(B)-225.doc
kh_lc活力有氧2016-04-19,高雄市,前鎮區,高雄市前鎮區中山三路132號,獅甲會館,022226,活力有氧,運動健身,蘇美齡,2016-04-19,2016-06-22,每周二三 晚上0700~0830,獅甲會館B04教室,優惠身份: 1300元     一般民眾: 1400元,"瘦身大作戰－帶著一顆愉快、放鬆的心情，讓妳在性感的熱舞中，強力雕塑身體的每一吋肌肉。",,http://college.kcg.gov.tw/class_info.asp?C_name=%ac%a1%a4O%a6%b3%ae%f1,http://college.kcg.gov.tw/class_file/1/2599/24-22期-蘇美齡-活力有氧-226.doc
kh_lc塑身瑜珈班2016-04-19,高雄市,前鎮區,高雄市前鎮區中山三路132號,獅甲會館,022275,塑身瑜珈班,運動健身,陳芬足,2016-04-19,2016-06-21,每周二 晚上0700~0900,訓就中心B1韻律教室,優惠身份: 1000元     一般民眾: 1100元,"在現代繁忙的生活中，運動成了一種奢侈。而缺乏運動伴隨而來的困擾、麻煩甚至疾病，是造成現代人生活品質不佳的主因。此課程不僅可以達到　在現代繁忙的生活中，運動成了一種奢侈。而缺乏運動伴隨而來的困擾、麻煩甚至疾病，是造成現代人生活品質不佳的主因。此課程不僅可以達到雕塑身材、促進新陳代謝加速和增加免疫力，更",,http://college.kcg.gov.tw/class_info.asp?C_name=%b6%ec%a8%ad%b7%ec%cf%c9%afZ,http://college.kcg.gov.tw/class_file/1/2509/133-22-陳芬足-塑身瑜珈(澄)-275.docx
kh_lc哈達瑜珈2016-04-21,高雄市,前鎮區,高雄市前鎮區中山三路132號,獅甲會館,022277,哈達瑜珈,運動健身,陳玫瑛,2016-04-21,2016-06-23,每周四 晚上0700~0900,訓就中心B1韻律教室,優惠身份: 1000元     一般民眾: 1100元,"瑜珈是身心靈的整合，是預防醫學，也是調整體態的運動。藉由伸展、調息、放鬆，達到身體健康、體態合宜、內心寧靜、怡然喜悅之路。課程以肢體伸展為主，靜心調息為輔，由淺入深、內修外練，以強化免疫系統、改善失眠症狀、紓解身體酸痛、預防身體機能提早老化。",,http://college.kcg.gov.tw/class_info.asp?C_name=%ab%a2%b9F%b7%ec%cf%c9,http://college.kcg.gov.tw/class_file/1/2510/132-22-陳玫英-哈達瑜珈(澄)-277.doc
kh_lc成人芭蕾2016-04-24,高雄市,前鎮區,高雄市前鎮區中山三路132號,獅甲會館,022302,成人芭蕾,運動健身,吳文文,2016-04-24,2016-06-26,每周日 下午0330~0530,獅甲會館B02教室,優惠身份: 1100元     一般民眾: 1200元,"俄羅斯學派的古典芭蕾教學概念的芭蕾舞初階練習；基本概念與舞姿，雙腳位置、手臂的位置，以及頭的用法。培養最基礎的協調動作習慣。",,http://college.kcg.gov.tw/class_info.asp?C_name=%a6%a8%a4H%aa%dd%c1%a2,http://college.kcg.gov.tw/class_file/1/2578/25-22-吳文文-成人芭蕾-302.doc
kh_lc中東肚皮舞(A)-中階班2016-04-19,高雄市,前鎮區,高雄市前鎮區中山三路132號,獅甲會館,022304,中東肚皮舞(A)-中階班,運動健身,李文萍,2016-04-19,2016-06-21,每周二 晚上0700~0900,獅甲會館B02教室,優惠身份: 1100元     一般民眾: 1200元,"1藉由肚皮舞非常重視身體各核心肌 群協合運作的特色，協助學生雕塑身形。2.引導學生在優美的異國舞蹈洗禮下，重新認識、愛惜自己的身體，從而更肯定自我價值、重拾自信。",,http://college.kcg.gov.tw/class_info.asp?C_name=%a4%a4%aaF%a8{%a5%d6%bbR(A)-%a4%a4%b6%a5%afZ,http://college.kcg.gov.tw/class_file/1/2577/26-22-李文萍-中東肚皮舞(A)中階班-304.doc
kh_lc排舞與單人舞2016-04-21,高雄市,前鎮區,高雄市前鎮區中山三路132號,獅甲會館,022305,排舞與單人舞,運動健身,蔡碧娥,2016-04-21,2016-06-23,每周四 下午0230~0430,獅甲會館B02教室,優惠身份: 1100元     一般民眾: 1200元,"課程內容有恰恰、吉魯巴、華爾滋、探戈、運動舞、娛樂舞、流行舞、民俗舞等，皆由一人獨自可跳的舞步，不用擔心舞伴的問題，且舞曲好聽，舞步易學，學了之後讓人有成就感。",,http://college.kcg.gov.tw/class_info.asp?C_name=%b1%c6%bbR%bbP%b3%e6%a4H%bbR,http://college.kcg.gov.tw/class_file/1/2576/27-22-蔡碧娥-排舞與單人舞-305.doc
kh_lc國標舞初級班2016-04-19,高雄市,前鎮區,高雄市前鎮區中山三路132號,獅甲會館,022306,國標舞初級班,運動健身,溫文邦,2016-04-19,2016-06-21,每周二 晚上0700~0900,獅甲會館B01教室,優惠身份: 1100元     一般民眾: 1200元,"初級班以淺顯較易學的舞步為主,包含著拉丁舞及摩登舞,包含恰恰.吉魯巴.華爾滋.探戈.",,http://college.kcg.gov.tw/class_info.asp?C_name=%b0%ea%bc%d0%bbR%aa%ec%af%c5%afZ,http://college.kcg.gov.tw/class_file/1/2575/28-22-溫文邦-國標舞初級-306.doc
kh_lc西班牙佛拉明哥2016-04-23,高雄市,前鎮區,高雄市前鎮區中山三路132號,獅甲會館,022307,西班牙佛拉明哥,宗教信仰,劉淑華,2016-04-23,2016-06-25,每周六 早上0900~1100,獅甲會館B02教室,優惠身份: 1100元     一般民眾: 1200元,"西班牙佛拉明哥舞蹈(Flamenco)的初階練習；基本概念，節拍與舞姿，雙腳位置、手臂的位置，以及踩腳的方法。培養基礎的協調動作習慣，學習佛拉明哥舞蹈藝術與文化。",,http://college.kcg.gov.tw/class_info.asp?C_name=%a6%e8%afZ%a4%fa%a6%f2%a9%d4%a9%fa%ad%f4,http://college.kcg.gov.tw/class_file/1/2572/31-22-劉淑華-西班牙佛拉明哥-307.doc
kh_lc國標舞中級班2016-04-21,高雄市,前鎮區,高雄市前鎮區中山三路132號,獅甲會館,022308,國標舞中級班,運動健身,溫文邦,2016-04-21,2016-06-23,每周四 晚上0700~0900,獅甲會館B01教室,優惠身份: 1100元     一般民眾: 1200元,"01.基本舞步的教授學習和流行舞步的教學再提昇至國際標準之競技舞蹈,國際上稱之為 國際標準舞或體育運動舞蹈,內容以標準舞之競技舞動作為主要 .02.舞科:恰恰恰  倫巴  探戈  華爾滋",,http://college.kcg.gov.tw/class_info.asp?C_name=%b0%ea%bc%d0%bbR%a4%a4%af%c5%afZ,http://college.kcg.gov.tw/class_file/1/2574/29-22-溫文邦-國標舞中級-308.doc
kh_lc中東肚皮舞(B)-初級班2016-04-22,高雄市,前鎮區,高雄市前鎮區中山三路132號,獅甲會館,022310,中東肚皮舞(B)-初級班,運動健身,李文萍,2016-04-22,2016-06-24,每周五 晚上0700~0900,獅甲會館B02教室,優惠身份: 1100元     一般民眾: 1200元,"1.藉由肚皮舞非常重視身體各核心肌 群協合運作的特色，協助學生雕塑身形。2.引導學生在優美的異國舞蹈洗禮下，重新認識、愛惜自己的身體，從而更肯定自我價值、重拾自信。",,http://college.kcg.gov.tw/class_info.asp?C_name=%a4%a4%aaF%a8{%a5%d6%bbR(B)-%aa%ec%af%c5%afZ,http://college.kcg.gov.tw/class_file/1/2573/30-22-李文萍-中東肚皮舞(B)初級班-310.doc
kh_lc英式國標舞-摩登舞─技術花步班2016-04-20,高雄市,前鎮區,高雄市前鎮區中山三路132號,獅甲會館,022370,英式國標舞-摩登舞─技術花步班,運動健身,蔣憬輝,2016-04-20,2016-06-22,每周三 晚上0700~0900,訓就中心B1韻律教室,優惠身份: 1100元     一般民眾: 1200元,"跳出高級舞者的動力與速度。",,http://college.kcg.gov.tw/class_info.asp?C_name=%ad^%a6%a1%b0%ea%bc%d0%bbR-%bc%af%b5n%bbR%a2w%a7%de%b3N%aa%e1%a8B%afZ,http://college.kcg.gov.tw/class_file/1/2508/135-22-蔣憬輝-英式國際標準舞-摩登舞-技術花步班(澄)-370.doc
kh_lc國標舞基礎班2016-04-20,高雄市,前鎮區,高雄市前鎮區中山三路132號,獅甲會館,022371,國標舞基礎班,運動健身,吳宜篟,2016-04-20,2016-06-22,每周三 下午0200~0400,訓就中心B1韻律教室,優惠身份: 1100元     一般民眾: 1200元,"國際標準舞蹈：(一)摩登舞－華爾滋，探戈，快三步等注重正式、高雅的風格(二)拉丁舞－恰恰，倫巴，捷舞，其他流行舞，吉魯巴，Salea　　　　等較輕鬆、俏皮的風格舞蹈",,http://college.kcg.gov.tw/class_info.asp?C_name=%b0%ea%bc%d0%bbR%b0%f2%c2%a6%afZ,http://college.kcg.gov.tw/class_file/1/2614/134-22-吳宜倩-國標舞基礎班(澄)-371.docx
kh_lc英語會話班(初級)2016-04-19,高雄市,前鎮區,高雄市前鎮區中山三路132號,獅甲會館,022401,英語會話班(初級),語言學習,黃雪娥,2016-04-19,2016-06-21,每周二 晚上0700~0900,獅甲會館539教室,優惠身份: 1000元     一般民眾: 1100元,"從生活大小事中學英語，生活圖解，英語也可以這樣簡單學。 看漫畫學會話1. 九格漫畫描述情境。2. 實用會話現學現用。 單字用語一起學1. 重點單字整合學習。2. 相關用語全部補齊。 Step by Step高效率1. 步驟圖解清楚明瞭。2. 二-三堂聽說讀寫。",,http://college.kcg.gov.tw/class_info.asp?C_name=%ad^%bby%b7|%b8%dc%afZ(%aa%ec%af%c5),http://college.kcg.gov.tw/class_file/1/2571/32-22-黃雪娥-英語會話(初級)-401.doc
kh_lc英語會話班(中級)2016-04-21,高雄市,前鎮區,高雄市前鎮區中山三路132號,獅甲會館,022403,英語會話班(中級),語言學習,黃雪娥,2016-04-21,2016-06-23,每周四 晚上0700~0900,獅甲會館539教室,優惠身份: 1000元     一般民眾: 1100元,"《焦點英語閱讀》系列依程度深淺分為三冊，每冊共100篇精采引人的閱讀文章，文章內容囊括各類主題與體裁，範圍涵蓋「旅遊、動物、人物、藝術與文學、商業、娛樂、科技、文化、健康」等多元內容，選題掌握時代脈動，帶領讀者走在知識尖端，讓讀者在學習英文的同時，也能以英語涉獵各領域的知識。",,http://college.kcg.gov.tw/class_info.asp?C_name=%ad^%bby%b7|%b8%dc%afZ(%a4%a4%af%c5),http://college.kcg.gov.tw/class_file/1/2570/33-22-黃雪娥-英語會話(中級)-403.doc
kh_lc大家的日本語進階I(L34~L35)2016-04-20,高雄市,前鎮區,高雄市前鎮區中山三路132號,獅甲會館,022404,大家的日本語進階I(L34~L35),語言學習,姜君芳,2016-04-20,2016-06-22,每周三 晚上0700~0900,獅甲會館539教室,優惠身份: 1000元     一般民眾: 1100元,"1.以聽、說為主的教學方式2.練習課本第三部份的對話3.模擬情境兩兩對話4.大對話(課文)的角色扮演對話練習備註:1) 請「勿」報名：「零基礎」者、50音及動詞不會者2) 需學習過：學完「大家的日語本-初級1」學過「大家的日語本-初級2」第14-15課的程度。",,http://college.kcg.gov.tw/class_info.asp?C_name=%a4j%aea%aa%ba%a4%e9%a5%bb%bby%b6i%b6%a5I(L34~L35),http://college.kcg.gov.tw/class_file/1/2568/35-22期-姜君芳-L34-35大家的日本語-進階I-404.doc
kh_lc大家的日本語中級I2016-04-19,高雄市,前鎮區,高雄市前鎮區中山三路132號,獅甲會館,022406,大家的日本語中級I,語言學習,姜君芳,2016-04-19,2016-06-21,每周二 晚上0700~0900,獅甲會館303教室,優惠身份: 1000元     一般民眾: 1100元,"1.以聽、說為主的教學方式2.練習課本第三部份的對話3.模擬情境兩兩對話4.大對話(課文)的角色扮演對話練習備註:1) 需學完「大家的日本語」初級ⅠⅡ，及進階Ⅰ",,http://college.kcg.gov.tw/class_info.asp?C_name=%a4j%aea%aa%ba%a4%e9%a5%bb%bby%a4%a4%af%c5I,http://college.kcg.gov.tw/class_file/1/2567/36-22期-姜君芳-L1-2大家的日本語中級I-406.doc
kh_lc日語進階班(B)2016-04-19,高雄市,前鎮區,高雄市前鎮區中山三路132號,獅甲會館,022409,日語進階班(B),語言學習,陳松柏,2016-04-19,2016-06-21,每周二 晚上0700~0900,獅甲會館538教室,優惠身份: 1000元     一般民眾: 1100元,"本進階班為略具日檢N4、N5程度之班級。除傳授日文學習經驗，課程內容外，對擬參加日檢者在課堂中予以重點提示，促進學習成效。",,http://college.kcg.gov.tw/class_info.asp?C_name=%a4%e9%bby%b6i%b6%a5%afZ(B),http://college.kcg.gov.tw/class_file/1/2566/43-22-陳松柏-日語進階班(B)-409.docx
kh_lc初級實用英語會話2016-04-20,高雄市,前鎮區,高雄市前鎮區中山三路132號,獅甲會館,022411,初級實用英語會話,語言學習,李涵嫣,2016-04-20,2016-06-22,每周三 晚上0700~0900,獅甲會館402教室,優惠身份: 1000元     一般民眾: 1100元,"適合有發音基礎者(1)從單字、片語、俚語、句型入門。(2)洋腔洋調英語實用會話。(3)英文文法。(4)節慶Easy Talk。(5)書籍團購。講義費50元另繳。",,http://college.kcg.gov.tw/class_info.asp?C_name=%aa%ec%af%c5%b9%ea%a5%ce%ad^%bby%b7|%b8%dc,http://college.kcg.gov.tw/class_file/1/2565/44-22期-李涵嫣-初級實用英語會話-411.docx
kh_lc初級日語會話(獅甲)2016-04-22,高雄市,前鎮區,高雄市前鎮區中山三路132號,獅甲會館,022415,初級日語會話(獅甲),語言學習,程富資,2016-04-22,2016-06-24,每周五 晚上0700~0900,獅甲會館539教室,優惠身份: 1000元     一般民眾: 1100元,"需具備50音認知學者，由最基礎的日常生活問後語∼慣用性會話∼基礎文法∼文型練習∼習題解析等輕鬆教學。",,http://college.kcg.gov.tw/class_info.asp?C_name=%aa%ec%af%c5%a4%e9%bby%b7|%b8%dc(%b7%e0%a5%d2),http://college.kcg.gov.tw/class_file/1/2564/45-22-程富資-初級日語會話(獅甲)-415.doc
kh_lc帶著英文環遊世界(獅甲)2016-04-22,高雄市,前鎮區,高雄市前鎮區中山三路132號,獅甲會館,022417,帶著英文環遊世界(獅甲),語言學習,唐嘉禾,2016-04-22,2016-06-24,每周五 晚上0700~0900,獅甲會館408教室,優惠身份: 1000元     一般民眾: 1100元,"五大主題，不論出國旅行、出差、或留學，往往要面臨食衣住行及日常生活等大大小小的問題，此時如果能夠說得一口流利的英語，就像吃了一顆安定丸一樣，將可以幫助你一路暢所無阻，快速融入當地生活。【教材費約550元於第一堂課另繳交】",,http://college.kcg.gov.tw/class_info.asp?C_name=%b1a%b5%db%ad^%a4%e5%c0%f4%b9C%a5@%ac%c9(%b7%e0%a5%d2),http://college.kcg.gov.tw/class_file/1/2569/34-22-唐嘉禾-帶著英文環遊世界-417.docx
kh_lc日語會話進階(鳳山)2016-04-20,高雄市,鳳山區,高雄市鳳山區青年路二段77號,獅甲會館,022471,日語會話進階(鳳山),語言學習,程富資,2016-04-20,2016-06-22,每周三 晚上0700~0900,鳳山文化館101教室,優惠身份: 1000元     一般民眾: 1100元,"大家說日本語:單字、句型活用、日常生活會話活用、造句練習、日本語歌教唱",,http://college.kcg.gov.tw/class_info.asp?C_name=%a4%e9%bby%b7|%b8%dc%b6i%b6%a5(%bb%f1%a4s),http://college.kcg.gov.tw/class_file/1/2495/39-22-程富資-日語會話進階-471.doc
kh_lc日語初級會話A(鳳山)2016-04-18,高雄市,鳳山區,高雄市鳳山區青年路二段77號,獅甲會館,022473,日語初級會話A(鳳山),語言學習,程富資,2016-04-18,2016-06-26,每周一 晚上0700~0900,鳳山文化館201教室,優惠身份: 1000元     一般民眾: 1100元,"清音、濁音、半濁音、拗音由發音開始認識文字記號、漢字、平假名、片假名、外來語進而輕鬆的導入日本歌曲教唱，增加學習之樂趣。",,http://college.kcg.gov.tw/class_info.asp?C_name=%a4%e9%bby%aa%ec%af%c5%b7|%b8%dcA(%bb%f1%a4s),http://college.kcg.gov.tw/class_file/1/2496/40-22-程富資-日語初級會話A-473.doc
kh_lc英文基礎要打好─KK發音輕鬆學初階會話班(鳳山)2016-04-21,高雄市,鳳山區,高雄市鳳山區青年路二段77號,獅甲會館,022477,英文基礎要打好─KK發音輕鬆學初階會話班(鳳山),語言學習,唐嘉禾,2016-04-21,2016-06-26,每周四 晚上0700~0900,鳳山文化館101教室,優惠身份: 1000元     一般民眾: 1100元,"本課程將採用深入淺出的方式，完整的介紹英語音標系統，透過音的差異對比使學生清楚明白地學習，並搭配自然發音，利用字母拼音，讓你輕輕鬆鬆學好英語發音。帶入自然發音的口語方式，讓您自然而然開口說英語，課程並配合基礎文法及簡單且生活化的英文句子練習，讓您充滿自信開口說英語。(適合初學英文及想從頭學好英語發音",,http://college.kcg.gov.tw/class_info.asp?C_name=%ad^%a4%e5%b0%f2%c2%a6%adn%a5%b4%a6n%a2wKK%b5o%ad%b5%bb%b4%c3P%be%c7%aa%ec%b6%a5%b7|%b8%dc%afZ(%bb%f1%a4s),http://college.kcg.gov.tw/class_file/1/2497/41-22-唐嘉禾-英文基礎要打好-KK發音輕鬆學初階會話班-477.doc
kh_lc帶著英文環遊世界(鳳山)2016-04-24,高雄市,鳳山區,高雄市鳳山區青年路二段77號,獅甲會館,022479,帶著英文環遊世界(鳳山),語言學習,唐嘉禾,2016-04-24,2016-06-26,每周日 早上1000~1200,鳳山文化館101教室,優惠身份: 1000元     一般民眾: 1100元,"五大主題，不論出國旅行、出差、或留學，往往要面臨食衣住行及日常生活等大大小小的問題，此時如果能夠說得一口流利的英語，就像吃了一顆安定丸一樣，將可以幫助你一路暢所無阻，快速融入當地生活。【教材費約550元於第一堂課另繳交】",,http://college.kcg.gov.tw/class_info.asp?C_name=%b1a%b5%db%ad^%a4%e5%c0%f4%b9C%a5@%ac%c9(%bb%f1%a4s),http://college.kcg.gov.tw/class_file/1/2499/42-22-唐嘉禾-帶著英文環遊世界-479.docx
kh_lc日語基礎發音(鳳山)2016-04-24,高雄市,鳳山區,高雄市鳳山區青年路二段77號,獅甲會館,022483,日語基礎發音(鳳山),語言學習,程富資,2016-04-24,2016-06-26,每周日 下午0200~0400,鳳山文化館201教室,優惠身份: 1000元     一般民眾: 1100元,"日文基本50音清音、濁音、半濁音、拗音由發音開始認識文字記號、漢字、平假名、片假名、外來語進而輕鬆的導入日本歌曲教唱，增加學習之樂趣。",,http://college.kcg.gov.tw/class_info.asp?C_name=%a4%e9%bby%b0%f2%c2%a6%b5o%ad%b5(%bb%f1%a4s),http://college.kcg.gov.tw/class_file/1/2494/37-22-程富資-日語基礎發音-483.doc
kh_lc日語基礎入門(鳳山)2016-04-21,高雄市,鳳山區,高雄市鳳山區青年路二段77號,獅甲會館,022485,日語基礎入門(鳳山),語言學習,程富資,2016-04-21,2016-06-23,每周四 下午0700~0900,鳳山文化館201教室,優惠身份: 1000元     一般民眾: 1100元,"日文基本50音清音、濁音、半濁音、拗音由發音開始認識文字記號、漢字、平假名、片假名、外來語進而輕鬆的導入日本歌曲教唱，增加學習之樂趣。",,http://college.kcg.gov.tw/class_info.asp?C_name=%a4%e9%bby%b0%f2%c2%a6%a4J%aa%f9(%bb%f1%a4s),http://college.kcg.gov.tw/class_file/1/2503/38-22期-程富資-日語基礎入門-485.doc
kh_lc縫紉手藝班2016-04-18,高雄市,前鎮區,高雄市前鎮區中山三路132號,獅甲會館,022502,縫紉手藝班,創意手作,鐘壽美,2016-04-18,2016-06-22,每周一三 早上0830~1130,勞工局B1縫紉教室,優惠身份: 1400元     一般民眾: 1500元,"視學員程度由基本縫紉、製圖、裁剪、縫製等技能由淺入深教起，使學員在多元的學習下，經由不同款式服裝變化中，培訓出有創意的設計，以增添流行感，並利用各款式及剩布做各式胸花、家用收納袋及小作品。培養學員一技之長，進而在家庭職業上發揮專業能力。",,http://college.kcg.gov.tw/class_info.asp?C_name=%c1_%ac%f7%a4%e2%c3%c0%afZ,http://college.kcg.gov.tw/class_file/1/2563/46-22期-鐘壽美-縫紉手藝班-502.doc
kh_lc祺袍製作班2016-04-18,高雄市,前鎮區,高雄市前鎮區中山三路132號,獅甲會館,022504,祺袍製作班,創意手作,邱秀梅,2016-04-18,2016-06-22,每周一三 下午0130~0430,勞工局B1縫紉教室,優惠身份: 1400元     一般民眾: 1500元,"盤花釦  緄邊  量身法  旗袍製作  改良式製作",,http://college.kcg.gov.tw/class_info.asp?C_name=%b8R%b3T%bbs%a7@%afZ,http://college.kcg.gov.tw/class_file/1/2562/47-22-邱秀梅-祺袍製作-504.doc
kh_lc時裝製作(A1)2016-04-18,高雄市,前鎮區,高雄市前鎮區中山三路132號,獅甲會館,022508,時裝製作(A1),創意手作,李佩瑤,2016-04-18,2016-06-22,每周一三 晚上0620~0920,勞工局B1縫紉教室,優惠身份: 1400元     一般民眾: 1500元,"課程內容安排由淺入深，重視每位學員不同的需求，依據每位學員不同的需求，提出適合的學習方案，讓學員能快樂、紮實的學習。以時裝為主，認識基本手縫、針車使用及保養、製圖工具的認識、簡單基本裙子打版及製作方法，褲子打版縫製方法。",,http://college.kcg.gov.tw/class_info.asp?C_name=%ae%c9%b8%cb%bbs%a7@(A1),http://college.kcg.gov.tw/class_file/1/2561/48-22-李佩瑤-時裝(A1)-508.docx
kh_lc時裝製作(A2)2016-04-20,高雄市,前鎮區,高雄市前鎮區中山三路132號,獅甲會館,022510,時裝製作(A2),創意手作,林楊淑芳,2016-04-20,2016-06-24,每周三五 早上0830~1130,勞工局B1縫紉教室,優惠身份: 1400元     一般民眾: 1500元,"男女服裝的基本製圖、縫製，並利用基本圖型做出各式服裝變化，利用剩餘布料製作收納袋等。",,http://college.kcg.gov.tw/class_info.asp?C_name=%ae%c9%b8%cb%bbs%a7@(A2),http://college.kcg.gov.tw/class_file/1/2560/49-22-楊淑芳-時裝(A2)-510.doc
kh_lc時裝製作(A3)2016-04-19,高雄市,前鎮區,高雄市前鎮區中山三路132號,獅甲會館,022512,時裝製作(A3),創意手作,王玉玲,2016-04-19,2016-06-24,每周二四 早上0830~1130,勞工局B1縫紉教室,優惠身份: 1400元     一般民眾: 1500元,"服裝為人們生活中基本的需求之一，衣著是美的呈現，也是一種藝術。雖然各項製圖、剪裁及縫製已邁向自動化，成衣製品層出不窮，然而在平時總會遇到些待以處理的問題，因此，縫紉教學可讓學習者習得一技之長，達到「學以致用」的教育功能。再者，學習者可藉由學習活動，增進人際關係之互動，培養耐性與細心，彼此切磋創作、",,http://college.kcg.gov.tw/class_info.asp?C_name=%ae%c9%b8%cb%bbs%a7@(A3),http://college.kcg.gov.tw/class_file/1/2559/50-22-王玉玲-時裝(A3)-512.docx
kh_lc時裝製作(A4)2016-04-19,高雄市,前鎮區,高雄市前鎮區中山三路132號,獅甲會館,022514,時裝製作(A4),創意手作,王許木蓮,2016-04-19,2016-06-23,每周二四 下午0130~0430,勞工局B1縫紉教室,優惠身份: 1400元     一般民眾: 1500元,"著重服裝基本概念及家庭縫紉技能，俾其能處理全家一般衣物之縫補及修改作業。對具備服裝基本知能者，則著重女裝之製圖、縫製及設計能力。另輔導學員參加女裝甲、乙、丙級技術士檢定考試。",,http://college.kcg.gov.tw/class_info.asp?C_name=%ae%c9%b8%cb%bbs%a7@(A4),http://college.kcg.gov.tw/class_file/1/2558/時裝A4.doc
kh_lc時裝製作(A5)2016-04-19,高雄市,前鎮區,高雄市前鎮區中山三路132號,獅甲會館,022516,時裝製作(A5),創意手作,鄭蔡月琴,2016-04-19,2016-06-23,每周二四 晚上0620~0920,勞工局B1縫紉教室,優惠身份: 1400元     一般民眾: 1500元,"一、發揮潛能，享受DIY自己動手的樂趣，從設計、繪圖、打版剪裁、到完成成品一氣呵成。培養自身沉靜優雅特質，自娛娛人。二、培養一技之長或是第二專長。在這變動不定的社會當中多一項技能，就多了一層保障。",,http://college.kcg.gov.tw/class_info.asp?C_name=%ae%c9%b8%cb%bbs%a7@(A5),http://college.kcg.gov.tw/class_file/1/2557/52-22-蔡月琴-時裝(A5)-516.doc
kh_lc直覺簡易剪髮2016-04-21,高雄市,前鎮區,高雄市前鎮區中山三路132號,獅甲會館,022522,直覺簡易剪髮,創意手作,李名山,2016-04-21,2016-06-23,每周四 晚上0700~0900,獅甲會館540教室,優惠身份: 1200元     一般民眾: 1300元,"想要自己修個漂亮劉海不求他人嗎？想要幫自己小孩、老公修個帥氣髮型嗎？想要知道甚麼樣的髮型適合甚麼樣的臉型跟身型嗎？想要知道韓劇女主角的髮型怎麼吹整嗎？直覺簡易剪髮課程結合理論與操作，將教導你輕鬆在家裡吹剪頭髮，讓你的髮型好看、好整理、漂亮出門。",,http://college.kcg.gov.tw/class_info.asp?C_name=%aa%bd%c4%b1%c2%b2%a9%f6%b0%c5%bev,http://college.kcg.gov.tw/class_file/1/2556/56-22-李名山-直覺簡易剪髮-522.doc
kh_lc時裝製作(C1)-平日班2016-04-18,高雄市,前鎮區,高雄市前鎮區中山三路132號,獅甲會館,022526,時裝製作(C1)-平日班,創意手作,葉怡君,2016-04-18,2016-06-23,每周一四 晚上0630~0930,獅甲會館B1中堂,優惠身份: 1400元     一般民眾: 1500元,"了解服裝製作基本概念，包括打版.裁剪.車縫製作等技能與知識，利用文化式原型打版結合流行線條設計製作車縫上衣。",,http://college.kcg.gov.tw/class_info.asp?C_name=%ae%c9%b8%cb%bbs%a7@(C1)-%a5%ad%a4%e9%afZ,http://college.kcg.gov.tw/class_file/1/2506/22教學綱要(衣連裙) 網路版.doc
kh_lc時裝製作(C2)-假日班2016-04-23,高雄市,前鎮區,高雄市前鎮區中山三路132號,獅甲會館,022528,時裝製作(C2)-假日班,創意手作,葉怡君,2016-04-23,2016-06-26,每周六日 早上0930~1230,獅甲會館B1中堂,優惠身份: 1400元     一般民眾: 1500元,"了解服裝製作基本概念，包括打版.裁剪.車縫製作等技能與知識，利用文化式原型打版結合流行線條設計製作車縫上衣。",,http://college.kcg.gov.tw/class_info.asp?C_name=%ae%c9%b8%cb%bbs%a7@(C2)-%b0%b2%a4%e9%afZ,http://college.kcg.gov.tw/class_file/1/2505/22教學綱要(衣連裙) 網路版.doc
kh_lc時裝禮服與配飾2016-04-18,高雄市,前鎮區,高雄市前鎮區中山三路132號,獅甲會館,022534,時裝禮服與配飾,創意手作,陳麗珠,2016-04-18,2016-06-23,每周一四 早上0900~1200,獅甲會館B1中堂,優惠身份: 1400元     一般民眾: 1500元,"以基礎洋裁為主軸、延伸至時裝禮服的製作、並教授時尚的新娘配飾與珠寶捧花製作∼快速習得一技之長",,http://college.kcg.gov.tw/class_info.asp?C_name=%ae%c9%b8%cb%c2%a7%aaA%bbP%b0t%b9%a2,http://college.kcg.gov.tw/class_file/1/2590/55-22期-陳麗珠-時裝禮服與配飾班-534.doc
kh_lc歐美花藝設計2016-04-19,高雄市,前鎮區,高雄市前鎮區中山三路132號,獅甲會館,022601,歐美花藝設計,創意手作,黃麗珍,2016-04-19,2016-06-21,每周二 下午0200~0400,獅甲會館403教室,優惠身份: 1100元     一般民眾: 1200元,"以基本教學為主，達到美化自家環境、空間的效果，更進加強技巧的訓練，應用家裡現有的各種容器自我創作。採用歐美教育課程，從基本花型、送禮花束、盆栽組合，胸花、供花、家庭擺設、到自我創作，教導花藝最新手法、配色、技巧，不分程度，個別指導。",,http://college.kcg.gov.tw/class_info.asp?C_name=%bc%da%ac%fc%aa%e1%c3%c0%b3]%adp,http://college.kcg.gov.tw/class_file/1/2555/57-22-黃麗珍-歐美花藝設計-601.doc
kh_lc花藝設計班2016-04-20,高雄市,前鎮區,高雄市前鎮區中山三路132號,獅甲會館,022602,花藝設計班,創意手作,林楊淑芳,2016-04-20,2016-06-22,每周三 下午0130~0330,勞工局B1插花教室,優惠身份: 1100元     一般民眾: 1200元,"利用東洋流派與歐式花藝的交流結合，可學到多樣的插花技巧及變化，讓學員對插花的境界有深一層的認識且更懂得如何擺飾及欣賞的角度。",,http://college.kcg.gov.tw/class_info.asp?C_name=%aa%e1%c3%c0%b3]%adp%afZ,http://college.kcg.gov.tw/class_file/1/2553/59-22-楊淑芳-花藝設計-602.doc
kh_lc養生飲食DIY2016-04-20,高雄市,前鎮區,高雄市前鎮區中山三路132號,獅甲會館,022603,養生飲食DIY,健康養生,吳寶玲,2016-04-20,2016-06-22,每周三 早上0930~1130,獅甲會館540教室,優惠身份: 1100元     一般民眾: 1200元,"現代生活型態，因環境汙染、飲食汙染、缺乏運動、工作壓力、生活緊張，因此健康也亮紅燈，希望這課程對大家有所幫助。",,http://college.kcg.gov.tw/class_info.asp?C_name=%bei%a5%cd%b6%bc%ad%b9DIY,http://college.kcg.gov.tw/class_file/1/2554/58-22期-吳寶玲-養生飲食DIY班-603.docx
kh_lc生活花藝設計2016-04-19,高雄市,前鎮區,高雄市前鎮區中山三路132號,獅甲會館,022604,生活花藝設計,健康養生,黃麗珍,2016-04-19,2016-06-21,每周二 晚上0700~0900,獅甲會館408教室,優惠身份: 1100元     一般民眾: 1200元,"採用歐美教育課程，從基本花型、送禮花束、包裝、胸花、供花、家庭擺設、到自我創作，教導花藝最新手法、配色、技巧，不分程度，個別指導。",,http://college.kcg.gov.tw/class_info.asp?C_name=%a5%cd%ac%a1%aa%e1%c3%c0%b3]%adp,http://college.kcg.gov.tw/class_file/1/2552/60-22-黃麗珍-生活花藝設計-604.doc
kh_lc迷你盆栽(獅甲)2016-04-19,高雄市,前鎮區,高雄市前鎮區中山三路132號,獅甲會館,022606,迷你盆栽(獅甲),創意手作,陳國生,2016-04-19,2016-06-21,每周二 晚上0700~0900,獅甲會館403教室,優惠身份: 1100元     一般民眾: 1200元,"一、學習了解植物的生態。二、使用居家空間享受盆栽樂趣。三、提升個人藝術美感。四、親近自然，增加生活情趣。以台灣常見的松柏、雜木、紅葉、香花、結果、開花植物製作成迷你小型化盆栽。",,http://college.kcg.gov.tw/class_info.asp?C_name=%b0g%a7A%ac%d6%ae%e2(%b7%e0%a5%d2),http://college.kcg.gov.tw/class_file/1/2551/61-22-陳國生-迷你盆栽(獅甲)-606.doc
kh_lc水墨畫2016-04-20,高雄市,前鎮區,高雄市前鎮區中山三路132號,獅甲會館,022701,水墨畫,美術繪畫,黃謝逸娥,2016-04-20,2016-06-22,每周三 晚上0700~0900,獅甲會館303教室,優惠身份: 1100元     一般民眾: 1200元,"訓練學員學習如何欣賞水墨畫之美，最後再教導學員自行創作，使學員能運用所學畫出「自己的畫」。",,http://college.kcg.gov.tw/class_info.asp?C_name=%a4%f4%be%a5%b5e,http://college.kcg.gov.tw/class_file/1/2550/62-22期-謝逸娥-水墨畫-701.doc
kh_lc水彩畫創作(獅甲)2016-04-19,高雄市,前鎮區,高雄市前鎮區中山三路132號,獅甲會館,022703,水彩畫創作(獅甲),創意手作,陳永正,2016-04-19,2016-06-21,每周二 晚上0700~0900,獅甲會館540教室,優惠身份: 1100元     一般民眾: 1200元,"了解水彩技法及運用了解水彩工具的使用如何創作水彩作品",,http://college.kcg.gov.tw/class_info.asp?C_name=%a4%f4%b1m%b5e%b3%d0%a7@(%b7%e0%a5%d2),http://college.kcg.gov.tw/class_file/1/2549/63-22-陳永正-水彩畫創作(獅甲)-703.docx
kh_lc拼布藝術班(一)2016-04-20,高雄市,前鎮區,高雄市前鎮區中山三路132號,獅甲會館,022704,拼布藝術班(一),創意手作,蔡珮蓉,2016-04-20,2016-06-22,每周三 晚上0700~0900,獅甲會館538教室,優惠身份: 900元     一般民眾: 1000元,"每個學員的想法、年齡都不一樣，但是興趣卻是相同的，新生可以舊生為學習榜樣，在目標砥定的學習環境裡，能堅定學員對課程的用心度，以創造出不凡的成品。",,http://college.kcg.gov.tw/class_info.asp?C_name=%ab%f7%a5%ac%c3%c0%b3N%afZ(%a4@),http://college.kcg.gov.tw/class_file/1/2546/拼布藝術一.doc
kh_lc創意中國結(A)2016-04-20,高雄市,前鎮區,高雄市前鎮區中山三路132號,獅甲會館,022705,創意中國結(A),創意手作,蘇黃秀梅,2016-04-20,2016-06-22,每周三 下午0200~0400,獅甲會館538教室,優惠身份: 900元     一般民眾: 1000元,"學習中國結藝及手工藝，親身製作完成穿帶於身上飾品、手機吊飾、時尚手提包、水晶串珠、臘線幸運手環、項鍊、動物植物擺飾、室內結藝吊飾、等、動物植物擺飾、室內結藝吊飾、、等。學員不需基礎、自備剪刀.尖嘴鉗.打火機、材料費約500-1000元。",,http://college.kcg.gov.tw/class_info.asp?C_name=%b3%d0%b7N%a4%a4%b0%ea%b5%b2(A),http://college.kcg.gov.tw/class_file/1/2548/64-22-黃秀梅-創意中國結A(獅甲)-705.docx
kh_lc拼布藝術班(二)2016-04-22,高雄市,前鎮區,高雄市前鎮區中山三路132號,獅甲會館,022706,拼布藝術班(二),創意手作,蔡珮蓉,2016-04-22,2016-06-24,每周五 晚上0700~0900,獅甲會館538教室,優惠身份: 900元     一般民眾: 1000元,"每個學員的想法、年齡都不一樣，但是興趣卻是相同的，新生可以舊生為學習榜樣，在目標砥定的學習環境裡，能堅定學員對課程的用心度，以創造出不凡的成品。",,http://college.kcg.gov.tw/class_info.asp?C_name=%ab%f7%a5%ac%c3%c0%b3N%afZ(%a4G),http://college.kcg.gov.tw/class_file/1/2545/拼布藝術二.doc
kh_lc創意中國結(B)2016-04-21,高雄市,前鎮區,高雄市前鎮區中山三路132號,獅甲會館,022707,創意中國結(B),創意手作,蘇黃秀梅,2016-04-21,2016-06-23,每周四 晚上0700~0900,獅甲會館408教室,優惠身份: 900元     一般民眾: 1000元,"學習中國結藝及手工藝，親身製作完成穿帶於身上飾品、手機吊飾、時尚手提包、水晶串珠、臘線幸運手環、項鍊、動物植物擺飾、室內結藝吊飾、等",,http://college.kcg.gov.tw/class_info.asp?C_name=%b3%d0%b7N%a4%a4%b0%ea%b5%b2(B),http://college.kcg.gov.tw/class_file/1/2547/65-22-黃秀梅-創意中國結B(獅甲)-707.docx
kh_lc手工馬賽克2016-04-19,高雄市,前鎮區,高雄市前鎮區中山三路132號,獅甲會館,022710,手工馬賽克,創意手作,楊慧如,2016-04-19,2016-06-21,每周二 晚上0700~0900,獅甲會館537教室,優惠身份: 1100元     一般民眾: 1200元,"1.藉此課程讓學員認識手工馬賽克鑲嵌技術的精巧，啟發創作靈感，培養生活美學。2.馬賽克鑲嵌歷史簡介、國內外作品欣賞解析、馬賽克鑲嵌實作、作品安裝與成果展示、馬賽克公共藝術作品導覽、研習。",,http://college.kcg.gov.tw/class_info.asp?C_name=%a4%e2%a4u%b0%a8%c1%c9%a7J,http://college.kcg.gov.tw/class_file/1/2544/68-22期-楊慧如、李長隆-手工馬賽克-710.doc
kh_lc禪繞畫2016-04-18,高雄市,前鎮區,高雄市前鎮區中山三路132號,獅甲會館,022718,禪繞畫,宗教信仰,涂倢禕,2016-04-18,2016-06-20,每周一 晚上0700~0900,獅甲會館539教室,優惠身份: 1100元     一般民眾: 1200元,"源自美國的禪繞畫（Zentangle），是一種隨性、隨處、隨意都可以畫的獨特藝術形式，經科學證實有放鬆身心的效果，成效媲美一個小時以上的打坐。能提筆，就會畫。不需要美術背景，便可輕鬆學會的畫圖方式，一張紙，一枝筆，即可轉換心境，由放鬆及專注中創造了藝術。",,http://college.kcg.gov.tw/class_info.asp?C_name=%c1I%c2%b6%b5e,http://college.kcg.gov.tw/class_file/1/2592/禪繞畫.doc
kh_lc看的懂世界名畫2016-04-20,高雄市,前鎮區,高雄市前鎮區中山三路132號,獅甲會館,022719,看的懂世界名畫,美術繪畫,黃雪娥,2016-04-20,2016-06-22,每周三 晚上0700~0900,獅甲會館540教室,優惠身份: 1100元     一般民眾: 1200元,"自編教材：欣賞名畫，重點不在於「看」過幾百幅，「記住」多少理論，而是要知道怎麼「欣賞」？ 你我都「看」過「蒙娜麗莎」，她帶笑的眼神、迷人的嘴角？  每堂課透過趣味性及生活化的解說，  就讓我們從零開始，豐富自己的視覺與想像，提升對美的認知，實踐更美麗精彩的生活。 Step by Step and Take Easy",,http://college.kcg.gov.tw/class_info.asp?C_name=%ac%dd%aa%ba%c0%b4%a5@%ac%c9%a6W%b5e,http://college.kcg.gov.tw/class_file/1/2543/70-22期-黃雪娥-看得懂世界名畫-719.doc
kh_lc毛線編織樂(獅甲)2016-04-21,高雄市,前鎮區,高雄市前鎮區中山三路132號,獅甲會館,022721,毛線編織樂(獅甲),創意手作,林淑樺,2016-04-21,2016-06-23,每周四 晚上0700~0900,獅甲會館538教室,優惠身份: 1100元     一般民眾: 1200元,"引導編目記號之辨別與學習編織技巧，初學者由基本款式統一教學，進階者依每位學員的喜好與需求，手作專屬幸福感，應用於圍巾、毛帽、背心、外套及生活小飾品等作品。",,http://college.kcg.gov.tw/class_info.asp?C_name=%a4%f2%bdu%bds%c2%b4%bc%d6(%b7%e0%a5%d2),http://college.kcg.gov.tw/class_file/1/2542/71-22-林淑樺-毛線編織樂-721.doc
kh_lc機縫家飾小物【平日班】(鳳山)2016-04-19,高雄市,鳳山區,高雄市鳳山區青年路二段77號,獅甲會館,022756,機縫家飾小物【平日班】(鳳山),創意手作,林淑樺,2016-04-19,2016-06-21,每周二 下午0200~0400,鳳山文化館101教室,優惠身份: 900元     一般民眾: 1000元,"引導編目記號之辨別與學習編織技巧，初學者由基本款式統一教學，進階者依每位學員的喜好與需求，手作專屬幸福感，應用於圍巾、毛帽、背心、外套及生活小飾品等作品。",,http://college.kcg.gov.tw/class_info.asp?C_name=%be%f7%c1_%aea%b9%a2%a4p%aa%ab%a1i%a5%ad%a4%e9%afZ%a1j(%bb%f1%a4s),http://college.kcg.gov.tw/class_file/1/2507/72-22期-林淑樺-機縫小物班【平日班】-756.doc
kh_lc機縫家飾小物【假日班】(鳳山)2016-04-23,高雄市,鳳山區,高雄市鳳山區青年路二段77號,獅甲會館,022758,機縫家飾小物【假日班】(鳳山),創意手作,林淑樺,2016-04-23,2016-06-26,每周六 早上0900~1100,鳳山文化館201教室,優惠身份: 900元     一般民眾: 1000元,"學習手作技巧，初學者由基本款式統一教學簡單上手，手作專屬超可愛的小物，並應用於袋包、家飾、小物作品。",,http://college.kcg.gov.tw/class_info.asp?C_name=%be%f7%c1_%aea%b9%a2%a4p%aa%ab%a1i%b0%b2%a4%e9%afZ%a1j(%bb%f1%a4s),http://college.kcg.gov.tw/class_file/1/2512/73-22期-林淑樺-機縫小物班【假日班】-758.doc
kh_lc創意金屬手作班2016-04-23,高雄市,前鎮區,高雄市前鎮區中山三路132號,獅甲會館,022774,創意金屬手作班,創意手作,盧妍伶,2016-04-23,2016-06-25,每周六 晚上0630~0900,鳳山文化館101教室,優惠身份: 1400元     一般民眾: 1500元,"是否曾經有未完成或從未啟程的小小夢想，金屬創作是一個全新的開始，利用深入淺出的創意課程，將他們幻化成迷人的作品，藉由鋸、焊、扭、敲，教導學員如何將手中的金屬，變成專屬個人的手做小物，一同進入充滿魅力的金屬工藝世界，體驗不同的生活事物。",,http://college.kcg.gov.tw/class_info.asp?C_name=%b3%d0%b7N%aa%f7%c4%dd%a4%e2%a7@%afZ,http://college.kcg.gov.tw/class_file/1/2541/74-22-盧妍伶-創意金屬手作班-774.doc
kh_lc水彩畫創作(鳳山)2016-04-18,高雄市,鳳山區,高雄市鳳山區青年路二段77號,獅甲會館,022779,水彩畫創作(鳳山),創意手作,陳永正,2016-04-18,2016-06-20,每周一 晚上0700~0900,鳳山文化館202教室,優惠身份: 1100元     一般民眾: 1200元,"了解水彩技法及運用了解水彩工具的使用如何創作水彩作品",,http://college.kcg.gov.tw/class_info.asp?C_name=%a4%f4%b1m%b5e%b3%d0%a7@(%bb%f1%a4s),http://college.kcg.gov.tw/class_file/1/2540/75-22-陳永正-水彩畫創作(鳳山)-779.docx
kh_lc毛線編織樂(鳳山)2016-04-19,高雄市,鳳山區,高雄市鳳山區青年路二段77號,獅甲會館,022781,毛線編織樂(鳳山),創意手作,林淑樺,2016-04-19,2016-06-21,每周二 晚上0700~0900,鳳山文化館201教室,優惠身份: 1100元     一般民眾: 1200元,"引導編目記號之辨別與學習編織技巧，初學者由基本款式統一教學，進階者依每位學員的喜好與需求，手作專屬幸福感，應用於圍巾、毛帽、背心、外套及生活小飾品等作品。",,http://college.kcg.gov.tw/class_info.asp?C_name=%a4%f2%bdu%bds%c2%b4%bc%d6(%bb%f1%a4s),http://college.kcg.gov.tw/class_file/1/2539/76-22-林淑樺-毛線編織樂(鳳山)-781.doc
kh_lc手語班(獅甲)2016-04-22,高雄市,前鎮區,高雄市前鎮區中山三路132號,獅甲會館,022801,手語班(獅甲),語言學習,黃美華,2016-04-22,2016-06-24,每周五 晚上0700~0900,獅甲會館540教室,優惠身份: 1100元     一般民眾: 1200元,"1.常生活會話2.手語歌3.手語律動",,http://college.kcg.gov.tw/class_info.asp?C_name=%a4%e2%bby%afZ(%b7%e0%a5%d2),http://college.kcg.gov.tw/class_file/1/2538/77-22-黃美華-手語班(獅甲)-801.docx
kh_lc悠活人生旅遊班(獅甲)2016-04-18,高雄市,前鎮區,高雄市前鎮區中山三路132號,獅甲會館,022804,悠活人生旅遊班(獅甲),興趣才藝,吳坤熙,2016-04-18,2016-06-20,每周一 晚上0700~0900,獅甲會館305教室,優惠身份: 1100元     一般民眾: 1200元,"台灣的國家公園.國家風景區.森林遊樂區.溫泉區各縣市山區.河川.人文生態.觀光旅遊資源如何旅遊.?些甚麼？",,http://college.kcg.gov.tw/class_info.asp?C_name=%b1y%ac%a1%a4H%a5%cd%ae%c8%b9C%afZ(%b7%e0%a5%d2),http://college.kcg.gov.tw/class_file/1/2537/78-22-吳坤熙-悠活人生旅遊(獅甲)-804.doc
kh_lc現代茶藝2016-04-23,高雄市,前鎮區,高雄市前鎮區中山三路132號,獅甲會館,022805,現代茶藝,興趣才藝,陳筱寶,2016-04-23,2016-06-25,每周六 早上1000~1200,獅甲會館540教室,優惠身份: 1100元     一般民眾: 1200元,"一、各種泡茶法介紹二、茶席設計三、茶席花藝",,http://college.kcg.gov.tw/class_info.asp?C_name=%b2{%a5N%af%f9%c3%c0,http://college.kcg.gov.tw/class_file/1/2536/79-22-陳筱寶及季秀溫及孟田鈞-現代茶藝-805.doc
kh_lc進入咖啡的世界－(進階一)2016-04-23,高雄市,前鎮區,高雄市前鎮區中山三路132號,獅甲會館,022806,進入咖啡的世界－(進階一),興趣才藝,陳姿樺,2016-04-23,2016-06-25,每周六 下午0200~0400,獅甲會館540教室,優惠身份: 1100元     一般民眾: 1200元,"1. 分為理論性及實務性對咖啡烘焙的認識及講授。2. 在此課程中，學員能學會如何使用「家用式」的小型咖啡烘焙機，來 進行烘焙。3. 咖啡生豆的分級的基本認識。4. 各種不同種類及程度的咖啡烘焙之介紹。",,http://college.kcg.gov.tw/class_info.asp?C_name=%b6i%a4J%a9@%b0%d8%aa%ba%a5@%ac%c9%a1%d0(%b6i%b6%a5%a4@),http://college.kcg.gov.tw/class_file/1/2535/80-22期-陳姿樺-進入咖啡的世界(進階一)-806.doc
kh_lc古箏班2016-04-21,高雄市,前鎮區,高雄市前鎮區中山三路132號,獅甲會館,022807,古箏班,樂器音樂,吳惠琴,2016-04-21,2016-06-23,每周四 晚上0700~0900,獅甲會館303教室,優惠身份: 1400元     一般民眾: 1500元,"以16弦和21弦箏分初級、中級、高級教學、以基本指法、按放音課程、高難度指法、雙手和絃課程、 演奏箏曲;有古曲、民謠、童謠、流行新歌、創作名曲、古箏名曲等.",,http://college.kcg.gov.tw/class_info.asp?C_name=%a5j%ba%e5%afZ,http://college.kcg.gov.tw/class_file/1/2530/85-22-吳惠琴-古箏班-807.doc
kh_lc進入咖啡的世界－(進階三）2016-04-23,高雄市,前鎮區,高雄市前鎮區中山三路132號,獅甲會館,022808,進入咖啡的世界－(進階三）,興趣才藝,陳姿樺,2016-04-23,2016-06-25,每周六 晚上0700~0900,獅甲會館540教室,優惠身份: 1100元     一般民眾: 1200元,"1. 分為理論性及實務性對咖啡專業的認識及講授。2. 在此課程中，讓學員能以正確的方式，學習並使用「濾泡式」咖啡器具，來沖泡咖啡。3. 對世界主要的咖啡生產國，所生產的各類咖啡之基本認識與品嚐。4. 參加此課程者，條件是必須修過本學苑所上「認識咖啡的世界：初階之課程」，且要自備咖啡杯，並繳交1,000元的材",,http://college.kcg.gov.tw/class_info.asp?C_name=%b6i%a4J%a9@%b0%d8%aa%ba%a5@%ac%c9%a1%d0(%b6i%b6%a5%a4T%a1^,http://college.kcg.gov.tw/class_file/1/2534/81-22期-陳姿樺-進入咖啡的世界(進階三)-808.doc
kh_lc家庭製酒與釀造食品(獅甲)2016-04-18,高雄市,前鎮區,高雄市前鎮區中山三路132號,獅甲會館,022810,家庭製酒與釀造食品(獅甲),興趣才藝,廖才傳,2016-04-18,2016-06-20,每周一 早上0930~1130,獅甲會館540教室,優惠身份: 1100元     一般民眾: 1200元,"從簡易家庭製酒中教導學員了解穀物與水果經發酵釀造後的物質變化、及利用麴菌的作用加工製造我們日常所需的食品！",,http://college.kcg.gov.tw/class_info.asp?C_name=%aea%aex%bbs%b0s%bbP%c6C%b3y%ad%b9%ab~(%b7%e0%a5%d2),http://college.kcg.gov.tw/class_file/1/2533/82-22期-廖才傳-家庭製酒與釀造食品班(獅甲)-810.doc
kh_lc古琴演奏班(一)2016-04-21,高雄市,前鎮區,高雄市前鎮區中山三路132號,獅甲會館,022812,古琴演奏班(一),樂器音樂,黃鴻璋,2016-04-21,2016-06-23,每周四 晚上0700~0900,獅甲會館403教室,優惠身份: 2000元     一般民眾: 2100元,"1.以古琴進階演奏為主.為古琴班舊學員或是已有學過基礎古琴彈奏者開設之進階級古琴琴曲彈奏學習2.舊學員之教學內容隨學員本身學習進度不同增減學習曲目.已有古琴彈奏基礎的新學員,則視程度與意願學習進階琴曲新學員上課內容則參照[初階古琴彈奏班]課程內",,http://college.kcg.gov.tw/class_info.asp?C_name=%a5j%b5^%bat%ab%b5%afZ(%a4@),http://college.kcg.gov.tw/class_file/1/2532/83-22-黃鴻章-古琴演奏(一)-812.doc
kh_lc古琴演奏班(二)2016-04-18,高雄市,前鎮區,高雄市前鎮區中山三路132號,獅甲會館,022814,古琴演奏班(二),樂器音樂,黃鴻璋,2016-04-18,2016-06-20,每周一 晚上0700~0900,獅甲會館403教室,優惠身份: 2000元     一般民眾: 2100元,"初階班 主要授課內容：1古琴的認識,古琴音樂欣賞入門.2彈琴正確姿勢及左右手基本指法, 3如何識譜.簡字譜基礎認識. 4如何簡易定絃調音. 5左右手聯合練習. 練習曲 黃鶯吟學員無需任何基礎,只要喜好古琴對古琴有興趣即可入門. ◎舊學員依每個人學習進度增減調整上課內容.",,http://college.kcg.gov.tw/class_info.asp?C_name=%a5j%b5^%bat%ab%b5%afZ(%a4G),http://college.kcg.gov.tw/class_file/1/2531/84-22期-黃鴻璋-古琴彈奏班(二)-814.doc
kh_lc二胡進階班2016-04-21,高雄市,前鎮區,高雄市前鎮區中山三路132號,獅甲會館,022816,二胡進階班,樂器音樂,俞雪琴,2016-04-21,2016-06-23,每周四 晚上0700~0900,獅甲會館305教室,優惠身份: 1400元     一般民眾: 1500元,"二胡是非常優美動聽的樂器，本班課程內容以大家聽過的民謠為主軸，再加入專業的二胡演奏觀念，輕鬆打好二胡基礎，同時學會看譜和基礎樂理。本班適合原班舊生，以及有二胡「第一把位、小指」之基礎的新同學參加。",,http://college.kcg.gov.tw/class_info.asp?C_name=%a4G%adJ%b6i%b6%a5%afZ,http://college.kcg.gov.tw/class_file/1/2529/二胡進階班獅甲-816.doc
kh_lc民謠吉他 - 彈唱入門班(獅甲)2016-04-24,高雄市,前鎮區,高雄市前鎮區中山三路132號,獅甲會館,022820,民謠吉他 - 彈唱入門班(獅甲),樂器音樂,蔡哲偉,2016-04-24,2016-06-26,每周日 早上1000~1200,獅甲會館408教室,優惠身份: 1400元     一般民眾: 1500元,"從基礎開始，培養正確的學習觀念和彈奏習慣，搭配時下流行的歌曲，使用簡易的和弦伴奏，完成簡單自彈自唱的目標。",,http://college.kcg.gov.tw/class_info.asp?C_name=%a5%c1%c1%c1%a6N%a5L - %bcu%b0%db%a4J%aa%f9%afZ(%b7%e0%a5%d2),http://college.kcg.gov.tw/class_file/1/2522/96-22-蔡哲偉-民謠吉他-彈唱入門班(獅甲)-820.doc
kh_lc民謠吉他 - 彈唱入門班(鳳山)2016-04-24,高雄市,鳳山區,高雄市鳳山區青年路二段77號,獅甲會館,022824,民謠吉他 - 彈唱入門班(鳳山),樂器音樂,蔡哲偉,2016-04-24,2016-06-26,每周日 晚上0630~0830,鳳山文化館201教室,優惠身份: 1400元     一般民眾: 1500元,"從基礎開始，培養正確的學習觀念和彈奏習慣，搭配時下流行的歌曲，使用簡易的和弦伴奏，完成簡單自彈自唱的目標。",,http://college.kcg.gov.tw/class_info.asp?C_name=%a5%c1%c1%c1%a6N%a5L - %bcu%b0%db%a4J%aa%f9%afZ(%bb%f1%a4s),http://college.kcg.gov.tw/class_file/1/2521/97-22-蔡哲偉-民謠吉他-彈唱入門班(鳳山)-824.doc
kh_lc烏克麗麗自彈自唱及獨奏入門班(獅甲)2016-04-18,高雄市,前鎮區,高雄市前鎮區中山三路132號,獅甲會館,022834,烏克麗麗自彈自唱及獨奏入門班(獅甲),樂器音樂,顏裕人,2016-04-18,2016-06-20,每周一 晚上0700~0900,獅甲會館402教室,優惠身份: 1400元     一般民眾: 1500元,"最可愛又易學的樂器，從基礎開始，培養正確的學習觀念和彈奏習慣，搭配兒熟能詳的歌曲，使用簡單的伴奏方式，輕鬆完成歡樂彈唱的目標。",,http://college.kcg.gov.tw/class_info.asp?C_name=%afQ%a7J%c4R%c4R%a6%db%bcu%a6%db%b0%db%a4%ce%bfW%ab%b5%a4J%aa%f9%afZ(%b7%e0%a5%d2),http://college.kcg.gov.tw/class_file/1/2528/87-22-烏克麗麗自彈自唱及獨奏入門班(獅甲)-834.doc
kh_lc悠活人生旅遊班(鳳山)2016-04-19,高雄市,鳳山區,高雄市鳳山區青年路二段77號,獅甲會館,022870,悠活人生旅遊班(鳳山),興趣才藝,吳坤熙,2016-04-19,2016-06-21,每周二 晚上0700~0900,鳳山文化館101教室,優惠身份: 1100元     一般民眾: 1200元,"台灣的國家公園.國家風景區.森林遊樂區.溫泉區各縣市山區.河川.人文生態.觀光旅遊資源如何旅遊.?些甚麼",,http://college.kcg.gov.tw/class_info.asp?C_name=%b1y%ac%a1%a4H%a5%cd%ae%c8%b9C%afZ(%bb%f1%a4s),http://college.kcg.gov.tw/class_file/1/2527/88-22-吳坤熙-悠活人生旅遊(鳳山)-870.doc
kh_lc家庭製酒與釀造食品(鳳山)2016-04-22,高雄市,鳳山區,高雄市鳳山區青年路二段77號,獅甲會館,022871,家庭製酒與釀造食品(鳳山),興趣才藝,廖才傳,2016-04-22,2016-06-24,每周五 晚上0700~0900,鳳山文化館101教室,優惠身份: 1100元     一般民眾: 1200元,"從簡易家庭製酒中教導學員了解穀物與水果經發酵釀造後的物質變化、及利用麴菌的作用加工製造我們日常所需的食品！",,http://college.kcg.gov.tw/class_info.asp?C_name=%aea%aex%bbs%b0s%bbP%c6C%b3y%ad%b9%ab~(%bb%f1%a4s),http://college.kcg.gov.tw/class_file/1/2526/90-22期-廖才傳-家庭製酒與釀造食品(鳳山4)-873.docx
kh_lc家庭製酒與釀造食品(鳳山)2016-04-21,高雄市,鳳山區,高雄市鳳山區青年路二段77號,獅甲會館,022873,家庭製酒與釀造食品(鳳山),興趣才藝,廖才傳,2016-04-21,2016-06-23,每周四 早上0930~1130,鳳山文化館101教室,優惠身份: 1100元     一般民眾: 1200元,"從簡易家庭製酒中教導學員了解穀物與水果經發酵釀造後的物質變化、及利用麴菌的作用加工製造我們日常所需的食品！",,http://college.kcg.gov.tw/class_info.asp?C_name=%aea%aex%bbs%b0s%bbP%c6C%b3y%ad%b9%ab~(%bb%f1%a4s),http://college.kcg.gov.tw/class_file/1/2525/89-22期-廖才傳-家庭製酒與釀造食品(鳳山5)-871.docx
kh_lc二胡入門A班(鳳山)2016-04-20,高雄市,鳳山區,高雄市鳳山區青年路二段77號,獅甲會館,022874,二胡入門A班(鳳山),樂器音樂,俞雪琴,2016-04-20,2016-06-22,每周三 早上0930~1130,鳳山文化館201教室,優惠身份: 1400元     一般民眾: 1500元,"二胡是一樣非常優美、有趣，又饒富內涵的樂器，她的聲音能夠輕易地打動人心，極富親和力。本班教學內容將以二胡的「基本姿勢養成」為主，並以「各地民謠、童謠，以及國台語老歌、國台語流行歌曲」為練習教材，按步就班打好二胡基礎，輕鬆學會看譜、打拍子，達到培養興趣、增加生活樂趣為目的。",,http://college.kcg.gov.tw/class_info.asp?C_name=%a4G%adJ%a4J%aa%f9A%afZ(%bb%f1%a4s),http://college.kcg.gov.tw/class_file/1/2616/二胡入門A班鳳山.doc
kh_lc生活茶藝(鳳山)2016-04-20,高雄市,鳳山區,高雄市鳳山區青年路二段77號,獅甲會館,022875,生活茶藝(鳳山),健康養生,陳筱寶,2016-04-20,2016-06-22,每周三 早上1000~1200,鳳山文化館101教室,優惠身份: 1100元     一般民眾: 1200元,"一、茶葉大國的興起與崩落二、認識現代茶藝與茶道之不同三、認識泡茶四、茶葉介紹五、茶具介紹六、水質對茶湯的影響七、各種泡茶法介紹八、茶席設計九、題材及表現方法十、設計技巧十一、服儀選擇與搭配十二、茶席花藝十三、茶點介紹十四、裝置與裝飾藝術之周邊設計十五、茶席",,http://college.kcg.gov.tw/class_info.asp?C_name=%a5%cd%ac%a1%af%f9%c3%c0(%bb%f1%a4s),http://college.kcg.gov.tw/class_file/1/2617/92-22期-陳筱寶老師-生活茶藝(鳳山)-875.docx
kh_lc二胡基礎班(鳳山)2016-04-20,高雄市,鳳山區,高雄市鳳山區青年路二段77號,獅甲會館,022876,二胡基礎班(鳳山),樂器音樂,俞雪琴,2016-04-20,2016-06-22,每周三 晚上0700~0900,鳳山文化館201教室,優惠身份: 1400元     一般民眾: 1500元,"二胡是非常優美動聽的樂器，本班課程內容以大家聽過的民謠為主軸，再加入專業的二胡演奏觀念，輕鬆打好二胡基礎，同時學會看譜和基礎樂理。本班適合原班舊生，以及有二胡「第一把位、小指」之基礎的新同學參加。",,http://college.kcg.gov.tw/class_info.asp?C_name=%a4G%adJ%b0%f2%c2%a6%afZ(%bb%f1%a4s),http://college.kcg.gov.tw/class_file/1/2524/二胡基礎班鳳山.doc
kh_lc口琴吹奏速成班(鳳山)2016-04-22,高雄市,鳳山區,高雄市鳳山區青年路二段77號,獅甲會館,022877,口琴吹奏速成班(鳳山),樂器音樂,林聰輝,2016-04-22,2016-06-24,每周五 晚上0700~0900,鳳山文化館202教室,優惠身份: 1100元     一般民眾: 1200元,"1. 採用音樂自然學習法。2. 輔以電腦多媒體影音輔助教學，   第一堂課即可以吹奏小蜜蜂,小星星等簡易歌曲。3. 針對每位學員的個別進度個別指導。4. 教授善用電腦.手機和平板進行輔助音樂學習的技巧。",,http://college.kcg.gov.tw/class_info.asp?C_name=%a4f%b5^%a7j%ab%b5%b3t%a6%a8%afZ(%bb%f1%a4s),http://college.kcg.gov.tw/class_file/1/2523/94-22-林聰輝-口琴歡樂吹奏速成班(鳳山)-877.doc
kh_lc樂活茶藝(鳳山)2016-04-20,高雄市,鳳山區,高雄市鳳山區青年路二段77號,獅甲會館,022879,樂活茶藝(鳳山),興趣才藝,陳筱寶,2016-04-20,2016-06-22,每周三 下午0200~0400,鳳山文化館101教室,優惠身份: 1100元     一般民眾: 1200元,"壹、認知篇 一、何謂茶藝 二、認識泡茶 三、泡茶的三項基本功貳、技藝篇 一、認識茶葉 二、水質對茶湯的影響 三、認識茶具及搭    配 四、泡茶三要素 五、茶的保健與養生 六、各種泡茶法介紹     七、小壺泡法介紹與示範 八、蓋杯泡法介紹與示範",,http://college.kcg.gov.tw/class_info.asp?C_name=%bc%d6%ac%a1%af%f9%c3%c0(%bb%f1%a4s),http://college.kcg.gov.tw/class_file/1/2618/95-22期-陳筱寶老師-樂活茶藝(鳳山)-879.docx
kh_lc小提琴2016-04-19,高雄市,前鎮區,高雄市前鎮區中山三路132號,獅甲會館,022880,小提琴,樂器音樂,林蕙珊,2016-04-19,2016-06-21,每周二 晚上0500~0630,鳳山文化館201教室,優惠身份: 1400元     一般民眾: 1500元,"1.以耳熟能詳之樂曲，引發學習動機。2.學習讀譜與節奏能力，培養相對音感。3.個別指導，溫故知新。4.自編教材，可依照程度調整進度。5.增進學生休閒娛樂、陶冶性情，培養音樂演奏及欣賞素養能力。",,http://college.kcg.gov.tw/class_info.asp?C_name=%a4p%b4%a3%b5^,http://college.kcg.gov.tw/class_file/1/2615/98-22期-林蕙珊-小提琴-880.doc
kh_lc烏克麗麗2016-04-24,高雄市,前鎮區,高雄市前鎮區中山三路132號,獅甲會館,022882,烏克麗麗,樂器音樂,林蕙珊,2016-04-24,2016-06-26,每周日 早上0930~1130,鳳山文化館201教室,優惠身份: 1400元     一般民眾: 1500元,"1.以耳熟能詳之樂曲，引發學習動機。 2.認識五線譜、簡譜及四線譜。3.除單音彈奏樂曲，及和弦伴奏方式自彈自唱。4.自編教材，可依照程度調整進度。5.增進學生休閒娛樂、陶冶性情，培養音樂演奏及欣賞素養能力。",,http://college.kcg.gov.tw/class_info.asp?C_name=%afQ%a7J%c4R%c4R,http://college.kcg.gov.tw/class_file/1/2625/99-22期-林蕙珊-烏克麗麗-882.doc
kh_lc二胡進階班(鳳山)2016-04-22,高雄市,鳳山區,高雄市鳳山區青年路二段77號,獅甲會館,022884,二胡進階班(鳳山),樂器音樂,俞雪琴,2016-04-22,2016-06-24,每周五 下午0130~0330,鳳山文化館201教室,優惠身份: 1400元     一般民眾: 1500元,"二胡是一樣非常優美、有趣，又饒富內涵的樂器，她的聲音能夠輕易地打動人心，極富親和力。本班教學內容將以二胡的「基本姿勢養成」為主，並以「各地民謠、童謠，以及國台語老歌、國台語流行歌曲」為練習教材，按部就班打好二胡基礎，輕鬆學會看譜、打拍子，達到培養興趣、增加生活樂趣為目的",,http://college.kcg.gov.tw/class_info.asp?C_name=%a4G%adJ%b6i%b6%a5%afZ(%bb%f1%a4s),http://college.kcg.gov.tw/class_file/1/2619/二胡進階班.doc
kh_lc二胡入門B班(鳳山)2016-04-22,高雄市,鳳山區,高雄市鳳山區青年路二段77號,獅甲會館,022886,二胡入門B班(鳳山),樂器音樂,俞雪琴,2016-04-22,2016-06-24,每周五 下午0330~0530,鳳山文化館201教室,優惠身份: 1400元     一般民眾: 1500元,"二胡是一樣非常優美、有趣，又饒富內涵的樂器，她的聲音能夠輕易地打動人心，極富親和力。本班教學內容將以二胡的「基本姿勢養成」為主，並以「各地民謠、童謠，以及國台語老歌、國台語流行歌曲」為練習教材，按步就班打好二胡基礎，輕鬆學會看譜、打拍子，達到培養興趣、增加生活樂趣為目的。",,http://college.kcg.gov.tw/class_info.asp?C_name=%a4G%adJ%a4J%aa%f9B%afZ(%bb%f1%a4s),http://college.kcg.gov.tw/class_file/1/2620/二胡入門班B班鳳山.doc
kh_lc兒童3C3Q生活科技班(獅甲)2016-04-23,高雄市,前鎮區,高雄市前鎮區中山三路132號,獅甲會館,022902,兒童3C3Q生活科技班(獅甲),健康養生,林靜淑,2016-04-23,2016-06-25,每周六 早上0830~1000,獅甲會館408教室,優惠身份: 1200元     一般民眾: 1300元,"生活科技系統重功能操作，操作過程中讓孩子能了解應用於生活中的電學、動力及物理原理，知道平衡概念、齒輪、電路、槓桿原理、滑輪、輪軸、連桿……等機械力學單元。教材：Knex教具組、Lasy教具組、發條、馬達、滑輪、齒輪組…等。",,http://college.kcg.gov.tw/class_info.asp?C_name=%a8%e0%b5%a33C3Q%a5%cd%ac%a1%ac%ec%a7%de%afZ(%b7%e0%a5%d2),http://college.kcg.gov.tw/class_file/1/2470/88-21-林靜淑-3C3Q生活科技班(獅甲)-902.doc
kh_lc兒童3C3Q創思班(獅甲)2016-04-23,高雄市,前鎮區,高雄市前鎮區中山三路132號,獅甲會館,022904,兒童3C3Q創思班(獅甲),科學實驗,林靜淑,2016-04-23,2016-06-25,每周六 早上1010~1140,獅甲會館408教室,優惠身份: 1100元     一般民眾: 1200元,"教材使用來自歐洲各國知名的教具（Knex教具組、Lasy教具組…等）。及享譽全球已有百年歷史的公司所生產的局戲，以仿社會行為的遊戲，教導孩子與他人互助、合群、溝通表達及提高耐心、自信、獨立並增強挫折忍受度…EQ（情緒商數）的培養與提昇。",,http://college.kcg.gov.tw/class_info.asp?C_name=%a8%e0%b5%a33C3Q%b3%d0%ab%e4%afZ(%b7%e0%a5%d2),http://college.kcg.gov.tw/class_file/1/2471/89-21-林靜淑-3CQ創思班(獅甲)-904.doc
kh_lc兒童3C3Q生活科技班(鳳山)2016-04-23,高雄市,鳳山區,高雄市鳳山區青年路二段77號,獅甲會館,022906,兒童3C3Q生活科技班(鳳山),健康養生,林靜淑,2016-04-23,2016-06-25,每周六 下午0200~0330,鳳山文化館101教室,優惠身份: 1200元     一般民眾: 1300元,"生活科技系統重功能操作，操作過程中讓孩子能了解應用於生活中的電學、動力及物理原理，知道平衡概念、齒輪、電路、槓桿原理、滑輪、輪軸、連桿……等機械力學單元。教材：Knex教具組、Lasy教具組、發條、馬達、滑輪、齒輪組…等。",,http://college.kcg.gov.tw/class_info.asp?C_name=%a8%e0%b5%a33C3Q%a5%cd%ac%a1%ac%ec%a7%de%afZ(%bb%f1%a4s),http://college.kcg.gov.tw/class_file/1/2520/104-22期-林靜淑-3c3q科技班(鳳山)-906.doc
kh_lc兒童3C3Q創思班(鳳山)2016-04-23,高雄市,鳳山區,高雄市鳳山區青年路二段77號,獅甲會館,022908,兒童3C3Q創思班(鳳山),科學實驗,林靜淑,2016-04-23,2016-06-25,每周六 下午0340~0510,鳳山文化館101教室,優惠身份: 1100元     一般民眾: 1200元,"教材使用來自歐洲各國知名的教具（Knex教具組、Lasy教具組…等）。及享譽全球已有百年歷史的公司所生產的局戲，以仿社會行為的遊戲，教導孩子與他人互助、合群、溝通表達及提高耐心、自信、獨立並增強挫折忍受度…EQ（情緒商數）的培養與提昇。",,http://college.kcg.gov.tw/class_info.asp?C_name=%a8%e0%b5%a33C3Q%b3%d0%ab%e4%afZ(%bb%f1%a4s),http://college.kcg.gov.tw/class_file/1/2519/105-22期-林靜淑-3c3q創思班(鳳山)-908.doc
kh_lc作文班(鳳山)【國小3~6年級】2016-04-23,高雄市,鳳山區,高雄市鳳山區青年路二段77號,獅甲會館,022912,作文班(鳳山)【國小3~6年級】,興趣才藝,蕭愛慈,2016-04-23,2016-06-25,每周六 下午0140~0340,鳳山文化館201教室,優惠身份: 1100元     一般民眾: 1200元,"每堂課會說一本故事書，在引導孩子找出故事的主軸從自己生命出發，寫出想法，訓練表達能力",,http://college.kcg.gov.tw/class_info.asp?C_name=%a7@%a4%e5%afZ(%bb%f1%a4s)%a1i%b0%ea%a4p3~6%a6~%af%c5%a1j,http://college.kcg.gov.tw/class_file/1/2517/106-22-蕭愛慈-作文班-912.doc
kh_lc圍棋初學班(鳳山)【足5歲~15歲】2016-04-23,高雄市,鳳山區,高雄市鳳山區青年路二段77號,獅甲會館,022914,圍棋初學班(鳳山)【足5歲~15歲】,興趣才藝,蔡耀邦,2016-04-23,2016-06-25,每周六 晚上0520~0700,鳳山文化館202教室,優惠身份: 1100元     一般民眾: 1200元,"認識圍棋、基本運用、實作下棋。",,http://college.kcg.gov.tw/class_info.asp?C_name=%b3%f2%b4%d1%aa%ec%be%c7%afZ(%bb%f1%a4s)%a1i%a8%ac5%b7%b3~15%b7%b3%a1j,http://college.kcg.gov.tw/class_file/1/2516/107-22期-蔡耀邦-圍棋初學班(鳳山)-914.doc
kh_lc圍棋進階班(鳳山)2016-04-23,高雄市,鳳山區,高雄市鳳山區青年路二段77號,獅甲會館,022916,圍棋進階班(鳳山),興趣才藝,蔡耀邦,2016-04-23,2016-06-25,每周六 晚上0710~0900,鳳山文化館201教室,優惠身份: 1100元     一般民眾: 1200元,"認識圍棋、基本運用、實作下棋。",,http://college.kcg.gov.tw/class_info.asp?C_name=%b3%f2%b4%d1%b6i%b6%a5%afZ(%bb%f1%a4s),http://college.kcg.gov.tw/class_file/1/2623/29-22-蔡耀邦-圍棋進階班(鳳山)-916.doc
kh_lc立體繪畫本(鳳山)國小3年級以上)2016-04-24,高雄市,鳳山區,高雄市鳳山區青年路二段77號,獅甲會館,022918,立體繪畫本(鳳山)國小3年級以上),美術繪畫,杜清祥,2016-04-24,2016-06-26,每周日 早上0900~1100,鳳山文化館202教室,優惠身份: 1100元     一般民眾: 1200元,"當書本被施了魔法，翻開書頁時，裡頭的物件會動來動去，是不是很奇妙啊!我們在此，將與你(妳)創作出屬於自己的異想世界(故事)喔!",,http://college.kcg.gov.tw/class_info.asp?C_name=%a5%df%c5%e9%c3%b8%b5e%a5%bb(%bb%f1%a4s)%b0%ea%a4p3%a6~%af%c5%a5H%a4W),http://college.kcg.gov.tw/class_file/1/2624/109-22期-杜清祥-立體繪本書-918.doc
kh_lc發現科學(國小2年級以上)2016-04-23,高雄市,前鎮區,高雄市前鎮區中山三路132號,獅甲會館,022920,發現科學(國小2年級以上),科學實驗,王百清,2016-04-23,2016-06-25,每周六 下午0400~0530,鳳山文化館201教室,優惠身份: 1100元     一般民眾: 1200元,"1.和大氣壓力玩遊戲 2.再一次認識自己的身體3.平衡魔術－重心實用篇4.當磁鐵遇上電的遊戲5.發現魔術的秘密Ⅱ 6.力的呈現－重力、摩擦力與力矩 7.闖關解碼檔案 8.平地一聲雷－靜電感應 9.和乾冰玩遊戲10.發現魔術的秘密Ⅲ",,http://college.kcg.gov.tw/class_info.asp?C_name=%b5o%b2{%ac%ec%be%c7(%b0%ea%a4p2%a6~%af%c5%a5H%a4W),http://college.kcg.gov.tw/class_file/1/2622/110-22期-王百清-發現科學-920.doc
kh_lcPHOTO SHOP影像入門2016-04-18,高雄市,前鎮區,高雄市前鎮區中山三路132號,獅甲會館,022950,PHOTO SHOP影像入門,電腦技能,顏大任,2016-04-18,2016-06-26,每周四 下午0130~0330,獅甲會館B03電腦教室,優惠身份: 2400元     一般民眾: 2500元,"",,http://college.kcg.gov.tw/class_info.asp?C_name=PHOTO SHOP%bcv%b9%b3%a4J%aa%f9,http://college.kcg.gov.tw/class_file/1/2605/111-22期-顏大任-PHOTO SHOP影像入門班-950.doc
kh_lc書法基礎班2016-04-18,高雄市,前鎮區,高雄市前鎮區中山三路132號,獅甲會館,022952,書法基礎班,興趣才藝,張枝萬,2016-04-18,2016-06-20,每周一 晚上0730~0930,獅甲會館303教室,優惠身份: 900元     一般民眾: 1000元,"一、本班招收學員以初學者為主。二、教授篆、隸、楷、行、草各種書體之基本筆法，及各種書體之欣賞與字帖臨摹。",,http://college.kcg.gov.tw/class_info.asp?C_name=%ae%d1%aak%b0%f2%c2%a6%afZ,http://college.kcg.gov.tw/class_file/1/2515/112-22-張技萬-書法基礎班-952.docx
kh_lc書法進階班2016-04-18,高雄市,前鎮區,高雄市前鎮區中山三路132號,獅甲會館,022953,書法進階班,興趣才藝,張枝萬,2016-04-18,2016-06-20,每周一 晚上0530~0730,獅甲會館303教室,優惠身份: 900元     一般民眾: 1000元,"一、本班學員係已具備楷書、行書基礎，並已達一定程度者。二、指導歷代篆、隸、楷、行、草各種書體之欣賞與字帖臨摹，作品練習與創作。三、實施書法史與書法理論之導讀。",,http://college.kcg.gov.tw/class_info.asp?C_name=%ae%d1%aak%b6i%b6%a5%afZ,http://college.kcg.gov.tw/class_file/1/2514/113-22-張技萬-書法進階班-953.docx
kh_lcWORD文書處理應用班2016-04-20,高雄市,前鎮區,高雄市前鎮區中山三路132號,獅甲會館,022954,WORD文書處理應用班,電腦技能,顏大任,2016-04-20,2016-06-22,每周三 下午0130~0330,獅甲會館B03電腦教室,優惠身份: 1900元     一般民眾: 2000元,"word視窗之基本介紹，如何選取文字及複製文字，文字格式之改變，如何插入特殊符號，認識尺規段落之介紹，名片之製作，如何將成品列印出來，通訊錄製作，價目表之製作，通知單之製作，自己做考試卷，用表格功能來自己做一個履歷表，美工圖案之加入，繪圖工具之使用，讓您成為一個文書高手",,http://college.kcg.gov.tw/class_info.asp?C_name=WORD%a4%e5%ae%d1%b3B%b2z%c0%b3%a5%ce%afZ,http://college.kcg.gov.tw/class_file/1/2602/114-22期-顏大任-WORD文書處理應用班-954.doc
kh_lc手機入門班2016-04-19,高雄市,前鎮區,高雄市前鎮區中山三路132號,獅甲會館,022956,手機入門班,電腦技能,顏大任,2016-04-19,2016-06-21,每周二 下午0130~0330,獅甲會館B03電腦教室,優惠身份: 1700元     一般民眾: 1800元,"手機平板的基本功能介紹認識，介紹如何覽網頁，影音平台，電子書，好玩的app遊戲，讓您認識網路的多采多姿，讓您生活不再單調，line群組及免費貼圖下載應用大全，讓您立即發揮手機平板的最大效能，活用各種雲端的功能。",,http://college.kcg.gov.tw/class_info.asp?C_name=%a4%e2%be%f7%a4J%aa%f9%afZ,http://college.kcg.gov.tw/class_file/1/2598/115-22期-顏大任-手機入門班-956.doc
kh_lc數位攝影創作班2016-04-19,高雄市,前鎮區,高雄市前鎮區中山三路132號,獅甲會館,022957,數位攝影創作班,電腦技能,蔡保泰,2016-04-19,2016-06-21,每周二 晚上0700~0900,獅甲會館402教室,優惠身份: 1000元     一般民眾: 1100元,"以理論介紹相機的構造原理和取景的技巧加上實務演練讓學員能融會貫通",,http://college.kcg.gov.tw/class_info.asp?C_name=%bc%c6%a6%ec%c4%e1%bcv%b3%d0%a7@%afZ,http://college.kcg.gov.tw/class_file/1/2513/116-22-蔡保泰-數位攝影創作班(獅甲)-957.docx
kh_lc電腦基礎入門&網路遨遊2016-04-20,高雄市,前鎮區,高雄市前鎮區中山三路132號,獅甲會館,022958,電腦基礎入門&網路遨遊,電腦技能,顏大任,2016-04-20,2016-06-22,每周三 早上0930~1130,獅甲會館B03電腦教室,優惠身份: 1700元     一般民眾: 1800元,"讓你可以輕鬆自在學電腦。從最基本的電腦入門開始，鍵盤功能介紹、中英打簡介，滑鼠之操作方法, 調整日期及時間如何變更桌面背景、中文鍵盤輸入及手寫輸入，網路基礎體驗，讓您認識網路的多采多姿，讓您生活不再單調",,http://college.kcg.gov.tw/class_info.asp?C_name=%b9q%b8%a3%b0%f2%c2%a6%a4J%aa%f9&%ba%f4%b8%f4%beC%b9C,http://college.kcg.gov.tw/class_file/1/2601/117-22期-顏大任-電腦基礎入門&網路遨遊班-958.doc
kh_lc數位攝影創作班(鳳山)2016-04-21,高雄市,鳳山區,高雄市鳳山區青年路二段77號,獅甲會館,022959,數位攝影創作班(鳳山),電腦技能,蔡保泰,2016-04-21,2016-06-23,每周四 晚上0700~0900,鳳山文化館202教室,優惠身份: 1000元     一般民眾: 1100元,"以理論介紹相機的構造原理和取景的技巧加上實務演練讓學員能融會貫通",,http://college.kcg.gov.tw/class_info.asp?C_name=%bc%c6%a6%ec%c4%e1%bcv%b3%d0%a7@%afZ(%bb%f1%a4s),http://college.kcg.gov.tw/class_file/1/2511/118-22-蔡保泰-數位攝影創作班(鳳山)-959.docx
kh_lc書法親子課2016-04-23,高雄市,前鎮區,高雄市前鎮區中山三路132號,獅甲會館,022971,書法親子課,興趣才藝,謝慕安,2016-04-23,2016-06-25,每周六 早上0930~1130,鳳山文化館101教室,優惠身份: 1000元     一般民眾: 1100元,"親子教學是一種幸福，不同年齡不同的心性教學，籍由書寫的基本筆法及教學方式，不僅可以讓學員心情沈靜及放鬆，對於日常生活中書寫簽字達到字體工整、明瞭、清新，啟發寧靜自然、活學活用、快樂學習，達到內心「靜」最高境界。",,http://college.kcg.gov.tw/class_info.asp?C_name=%ae%d1%aak%bf%cb%a4l%bd%d2,http://college.kcg.gov.tw/class_file/1/2621/119-22期-謝幕安-書法親子課(鳳山)-971.doc
kh_lcOffice辦公室應用班2016-04-21,高雄市,前鎮區,高雄市前鎮區中山三路132號,獅甲會館,022976,Office辦公室應用班,電腦技能,朱瑞蘭,2016-04-21,2016-06-23,每周四 晚上0700~0900,獅甲會館B03電腦教室,優惠身份: 1900元     一般民眾: 2000元,"WORD版面設定、文字格式與編輯修改技巧、DM文宣、表格製作。EXCEL基本操作與函數應用、資料篩選與圖表製作。各式範例實務應用。",,http://college.kcg.gov.tw/class_info.asp?C_name=Office%bf%ec%a4%bd%ab%c7%c0%b3%a5%ce%afZ,http://college.kcg.gov.tw/class_file/1/2607/120-22期-朱瑞蘭-Office辦公室應用班-976.docx
kh_lc輕鬆上手電腦基礎班2016-04-19,高雄市,前鎮區,高雄市前鎮區中山三路132號,獅甲會館,022978,輕鬆上手電腦基礎班,電腦技能,朱瑞蘭,2016-04-19,2016-06-21,每周二 晚上0700~0900,獅甲會館B03電腦教室,優惠身份: 1700元     一般民眾: 1800元,"讓你可以輕鬆快樂學電腦。從最基本的電腦概念開始，一步一步講解操作，學習滑鼠操作、用電腦打字、檔案管理、結合網路聽音樂、簡易文書處理等。讓電腦變身成為我們生活中的好伙伴。",,http://college.kcg.gov.tw/class_info.asp?C_name=%bb%b4%c3P%a4W%a4%e2%b9q%b8%a3%b0%f2%c2%a6%afZ,http://college.kcg.gov.tw/class_file/1/2600/121-22期-朱瑞蘭-輕鬆上手電腦基礎班-978.docx
kh_lc視覺設計入門-PH+AI視覺設計好好玩2016-04-23,高雄市,前鎮區,高雄市前鎮區中山三路132號,獅甲會館,022980,視覺設計入門-PH+AI視覺設計好好玩,電腦技能,林玲蓉,2016-04-23,2016-06-25,每周六 早上1000~1200,獅甲會館B03電腦教室,優惠身份: 2400元     一般民眾: 2500元,"以美工平面設計的角度，讓同學能運用Illustrator插畫工具的功能，瞭解點線面平面設計應用技巧，並結合Photoshop強大影像處理功能，讓您將插畫作品搭配相片作品進行影像創作，將設計出更精緻的視覺影像應用在廣告文宣、海報等物。",,http://college.kcg.gov.tw/class_info.asp?C_name=%b5%f8%c4%b1%b3]%adp%a4J%aa%f9-PH+AI%b5%f8%c4%b1%b3]%adp%a6n%a6n%aa%b1,http://college.kcg.gov.tw/class_file/1/2611/122-22期-林玲蓉-視覺設計入門－PH+AI視覺設計好好玩班-980.doc
kh_lc「會聲會影」影片剪輯班2016-04-23,高雄市,前鎮區,高雄市前鎮區中山三路132號,獅甲會館,022982,「會聲會影」影片剪輯班,電腦技能,黃俊維,2016-04-23,2016-06-25,每周六 下午0200~0400,獅甲會館B03電腦教室,優惠身份: 1700元     一般民眾: 1800元,"旅遊照片要如何整理呢?影片如何處理?有了會聲會影就一切搞定了，只要通通匯入到會聲會影中，並可以加入文字特效、複疊效果也可以配上聲音，還有超棒的轉場效果，做成自動執行檔。會聲會影也可以將影片轉成DVD播放檔。",,http://college.kcg.gov.tw/class_info.asp?C_name=%a1u%b7|%c1n%b7|%bcv%a1v%bcv%a4%f9%b0%c5%bf%e8%afZ,http://college.kcg.gov.tw/class_file/1/2613/123-22期-黃俊維-「會聲會影」影片剪輯班-982.doc
kh_lcOffice辦公室應用班2016-04-24,高雄市,前鎮區,高雄市前鎮區中山三路132號,獅甲會館,022984,Office辦公室應用班,電腦技能,黃俊維,2016-04-24,2016-06-26,每周日 下午0200~0400,獅甲會館B03電腦教室,優惠身份: 1900元     一般民眾: 2000元,"WORD文字格式、文件修改技巧、海報製作、長文件製作及目錄製作。各式範例應用。函數應用、Excel表格應用、投資理財試算、圖表製作等。介紹實用範例、家庭收支表、各種表格設計、記帳等。",,http://college.kcg.gov.tw/class_info.asp?C_name=Office%bf%ec%a4%bd%ab%c7%c0%b3%a5%ce%afZ,http://college.kcg.gov.tw/class_file/1/2612/124-22期-黃俊維-Office辦公室應用班-984.doc
kh_lc智慧手機、平板入門班2016-04-20,高雄市,前鎮區,高雄市前鎮區中山三路132號,獅甲會館,022986,智慧手機、平板入門班,電腦技能,黃俊維,2016-04-20,2016-06-22,每周三 晚上0700~0900,獅甲會館B03電腦教室,優惠身份: 1700元     一般民眾: 1800元,"智慧型手機、平板介紹，網際網路概論、如何上網、尋找Wi-Fi基地台、使用瀏覽器、備忘錄、記事本(英文輸入、中文輸入、用語音輸入最酷)、App Store (Apple專屬商店)、Play商店 (安卓系統專屬商店)、電子書、拍照片、拍影片、即時通訊LINE、地圖...等等常用基本功能。Apple或安卓系統皆可，請自備手機或平板。",,http://college.kcg.gov.tw/class_info.asp?C_name=%b4%bc%bcz%a4%e2%be%f7%a1B%a5%ad%aaO%a4J%aa%f9%afZ,http://college.kcg.gov.tw/class_file/1/2603/125-22期-黃俊維-智慧手機、平板入門班-986.doc
kh_lcAutoCAD 2D工程製圖班2016-04-18,高雄市,前鎮區,高雄市前鎮區中山三路132號,獅甲會館,022988,AutoCAD 2D工程製圖班,電腦技能,趙俊貴,2016-04-18,2016-06-20,每周一 晚上0700~0900,獅甲會館B03電腦教室,優惠身份: 2400元     一般民眾: 2500元,"輕鬆有效率學習AutoCAD 2D工程製圖，以淺顯易懂之範例教學讓學生快速學習!( 課程包括操作環境介紹、座標系統、繪圖及修改指令、尺寸標註、剖面線、性質、圖層、查詢、出圖規劃、實務圖面繪製、…)(此課程需具備已有Windows操作基礎者)",,http://college.kcg.gov.tw/class_info.asp?C_name=AutoCAD 2D%a4u%b5{%bbs%b9%cf%afZ,http://college.kcg.gov.tw/class_file/1/2595/126-22期-趙俊貴-AutoCAD 2D工程製圖班-988.doc
kh_lcDreamweaver手機網頁設計2016-04-18,高雄市,前鎮區,高雄市前鎮區中山三路132號,獅甲會館,022990,Dreamweaver手機網頁設計,電腦技能,謝坤德,2016-04-18,2016-06-20,每周一 早上0930~1130,獅甲會館B03電腦教室,優惠身份: 2400元     一般民眾: 2500元,"隨著時代的改變，智慧型裝置時代的來臨，現在設計網頁必需要面面俱到，流變格線版面解決了許多網頁設計師的困擾，一次完成智慧手機、平板電腦和PC網頁的製作，跨平台網頁設計，不再是難題，一口氣設計出色的電腦版及手機版網頁。",,http://college.kcg.gov.tw/class_info.asp?C_name=Dreamweaver%a4%e2%be%f7%ba%f4%ad%b6%b3]%adp,http://college.kcg.gov.tw/class_file/1/2589/127-22期-謝坤德-Dreamweaver 手機網頁設計入門班-990.doc
kh_lcPhotoshop出神入化數位相片合成入門2016-04-22,高雄市,前鎮區,高雄市前鎮區中山三路132號,獅甲會館,022992,Photoshop出神入化數位相片合成入門,電腦技能,謝坤德,2016-04-22,2016-06-24,每周五 晚上0700~0900,獅甲會館B03電腦教室,優惠身份: 2400元     一般民眾: 2500元,"不必羨慕麻豆身材好、皮膚好，只要使用 Photoshop 就可以化腐朽為神奇，課程內容包含：臉部磨皮美化，瘦臉瘦身瘦腿瘦肩膀，痘痘疤痕去除，人物去背合成，讓你不出國也能跟世界名勝古蹟合照，只要簡單兩三步，就會擁有人人稱羨的出神入化技巧。",,http://college.kcg.gov.tw/class_info.asp?C_name=Photoshop%a5X%af%ab%a4J%a4%c6%bc%c6%a6%ec%ac%db%a4%f9%a6X%a6%a8%a4J%aa%f9,http://college.kcg.gov.tw/class_file/1/2610/128-22期-謝坤德-Photoshop 出神入化數位相片合成入門班-992.doc
kh_lc雲端手機網站APP設計2016-04-19,高雄市,前鎮區,高雄市前鎮區中山三路132號,獅甲會館,022994,雲端手機網站APP設計,電腦技能,謝坤德,2016-04-19,2016-06-21,每周二 早上0930~1130,獅甲會館B03電腦教室,優惠身份: 2400元     一般民眾: 2500元,"設計自己的手機APP，上架到Play商店，使用最直覺的中文拼圖介面來設計專屬於你的手機 APP ，不需要學習難懂的英文程式碼，使用最新的雲端中文圖形化介面 APP Inventor 2 來設計自己專有的 APP 手機應用程式，現在你只要學會使用滑鼠拖曳技巧，就能輕鬆設計 APP，課程適合完全不會設計程式朋友。",,http://college.kcg.gov.tw/class_info.asp?C_name=%b6%b3%ba%dd%a4%e2%be%f7%ba%f4%af%b8APP%b3]%adp,http://college.kcg.gov.tw/class_file/1/2596/129-22期-謝坤德-雲端手機網站APP設計班-994.doc
kh_lc臉書粉絲、Line@全面出擊2016-04-22,高雄市,前鎮區,高雄市前鎮區中山三路132號,獅甲會館,022996,臉書粉絲、Line@全面出擊,電腦技能,謝坤德,2016-04-22,2016-06-24,每周五 下午0130~0330,獅甲會館B03電腦教室,優惠身份: 1700元     一般民眾: 1800元,"臉書粉絲與 Line@ 是全台最大的社群網站，臉書粉絲與 Line@ 的使用者也是最活耀的，粉絲與 Line@ 就是賣場，讓我們建立賣場專屬的臉書粉絲專頁與 Line@ 動態",,http://college.kcg.gov.tw/class_info.asp?C_name=%c1y%ae%d1%af%bb%b5%b7%a1BLine@%a5%fe%ad%b1%a5X%c0%bb,http://college.kcg.gov.tw/class_file/1/2608/130-22期-謝坤德-臉書粉絲、Line@全面出擊班-996.doc
kh_lcEXCEL試算表應用班2016-04-21,高雄市,前鎮區,高雄市前鎮區中山三路132號,獅甲會館,022998,EXCEL試算表應用班,電腦技能,顏大任,2016-04-21,2016-06-23,每周四 早上0930~1130,獅甲會館B03電腦教室,優惠身份: 1900元     一般民眾: 2000元,"搭配白板說明教學,一方面配合電腦廣播教學,以及一些簡易的基礎練習工具軟體,讓學員能循序漸進的達到學習的目地",,http://college.kcg.gov.tw/class_info.asp?C_name=EXCEL%b8%d5%ba%e2%aa%ed%c0%b3%a5%ce%afZ,http://college.kcg.gov.tw/class_file/1/2604/131-22期-顏大任-EXCEL試算表應用班-998.doc
